"","id","state","city","lat","long"
"1",1,"IL","Chicago,",40.633125,-89.398528
"2",2,"MD","Baltimore,",39.045755,-76.641271
"3",3,"MA","Boston,",42.407211,-71.382437
"4",4,"GA","Duluth,",32.157435,-82.907123
"5",5,"CA","Hill,",36.778261,-119.417932
"6",6,NA,NA,NA,NA
"7",7,NA,NA,NA,NA
"8",8,"MA","Lexington,",42.407211,-71.382437
"9",9,"NY","York,",43.299428,-74.217933
"10",10,"NC","Mooresville,",35.759573,-79.0193
"11",11,"CO","Englewood,",39.550051,-105.782067
"12",12,NA,NA,NA,NA
"13",13,NA,NA,NA,NA
"14",14,NA,NA,NA,NA
"15",15,"MA","Marlborough,",42.407211,-71.382437
"16",16,NA,NA,NA,NA
"17",17,"MA","Maynard,",42.407211,-71.382437
"18",18,NA,NA,NA,NA
"19",19,NA,NA,NA,NA
"20",20,NA,NA,NA,NA
"21",21,NA,NA,NA,NA
"22",22,"CA","Clara,",36.778261,-119.417932
"23",23,"FL","Orlando,",27.664827,-81.515754
"24",24,"NY","Webster,",43.299428,-74.217933
"25",25,"CA","SanFrancisco,",36.778261,-119.417932
"26",26,"MA","Southborough,",42.407211,-71.382437
"27",27,"PA","Philadelphia,",41.203322,-77.194525
"28",28,NA,NA,NA,NA
"29",29,NA,NA,NA,NA
"30",30,"NY","York,",43.299428,-74.217933
"31",31,"WI","Milwaukee,",43.78444,-88.787868
"32",32,"CA","City,",36.778261,-119.417932
"33",33,"WA","Seattle,",47.751074,-120.740139
"34",34,"KS","Park,",39.011902,-98.484246
"35",35,"FL","Sarasota,",27.664827,-81.515754
"36",36,NA,NA,NA,NA
"37",37,"SC","Jackson,",33.836081,-81.163725
"38",38,"LA","Lacombe,",31.244823,-92.145024
"39",39,NA,NA,NA,NA
"40",40,"CA","Altos,",36.778261,-119.417932
"41",41,"IL","Chicago,",40.633125,-89.398528
"42",42,"MN","Minneapolis,",46.729553,-94.6859
"43",43,"CA","Alto,",36.778261,-119.417932
"44",44,"WV","Wheeling,",38.597626,-80.454903
"45",45,"RI","Providence,",41.580095,-71.477429
"46",46,"IL","Chicago,",40.633125,-89.398528
"47",47,NA,NA,NA,NA
"48",48,"NJ","Brunswick,",40.058324,-74.405661
"49",49,"IN","Indianapolis,",40.551217,-85.602364
"50",50,"NY","York,",43.299428,-74.217933
"51",51,"PA","Pittsburgh,",41.203322,-77.194525
"52",52,NA,NA,NA,NA
"53",53,"OH","Defiance,",40.417287,-82.907123
"54",54,"AZ","ucson,",34.048928,-111.093731
"55",55,"NV","Reno,",38.80261,-116.419389
"56",56,"CA","Berkeley,",36.778261,-119.417932
"57",57,"IL","Lemont,",40.633125,-89.398528
"58",58,NA,NA,NA,NA
"59",59,NA,NA,NA,NA
"60",60,"CO","Collins,",39.550051,-105.782067
"61",61,"FL","Sunrise,",27.664827,-81.515754
"62",62,NA,NA,NA,NA
"63",63,NA,NA,NA,NA
"64",64,"PA","Hill,",41.203322,-77.194525
"65",65,NA,NA,NA,NA
"66",66,NA,NA,NA,NA
"67",67,"MI","Arbor,",44.314844,-85.602364
"68",68,NA,NA,NA,NA
"69",69,NA,NA,NA,NA
"70",70,"PA","Pittsburgh,",41.203322,-77.194525
"71",71,"AZ","ucson,",34.048928,-111.093731
"72",72,"GA","Woodstock,",32.157435,-82.907123
"73",73,"CA","Clara,",36.778261,-119.417932
"74",74,"IA","City,",41.878003,-93.097702
"75",75,NA,NA,NA,NA
"76",76,"NY","York,",43.299428,-74.217933
"77",77,"OR","Beaverton,",43.804133,-120.554201
"78",78,"VA","Reston,",37.431573,-78.656894
"79",79,"FL","Orlando,",27.664827,-81.515754
"80",80,NA,NA,NA,NA
"81",81,"SC","Greenville,",33.836081,-81.163725
"82",82,"CA","Jose,",36.778261,-119.417932
"83",83,NA,NA,NA,NA
"84",84,NA,NA,NA,NA
"85",85,"NY","York,",43.299428,-74.217933
"86",86,"GA","Atlanta,",32.157435,-82.907123
"87",87,"CA","View,",36.778261,-119.417932
"88",88,NA,NA,NA,NA
"89",89,"CA","Jolla,",36.778261,-119.417932
"90",90,"MA","Cambridge,",42.407211,-71.382437
"91",91,"CA","Clara,",36.778261,-119.417932
"92",92,"IN","Indianapolis,",40.551217,-85.602364
"93",93,NA,NA,NA,NA
"94",94,NA,NA,NA,NA
"95",95,"IL","Chicago,",40.633125,-89.398528
"96",96,"FL","ampa,",27.664827,-81.515754
"97",97,"OH","London,",40.417287,-82.907123
"98",98,"IL","Chicago,",40.633125,-89.398528
"99",99,"AL","PostgreSQL,",32.318231,-86.902298
"100",100,"VA","Richmond,",37.431573,-78.656894
"101",101,"OH","Cincinnati,",40.417287,-82.907123
"102",102,NA,NA,NA,NA
"103",103,"CA","Segundo,",36.778261,-119.417932
"104",104,"MS","Databases:",32.354668,-89.398528
"105",105,"FL","allahassee,",27.664827,-81.515754
"106",106,NA,NA,NA,NA
"107",107,"VA","Reston,",37.431573,-78.656894
"108",108,NA,NA,NA,NA
"109",109,NA,NA,NA,NA
"110",110,"IA","Johnston,",41.878003,-93.097702
"111",111,"OK","City,",35.007752,-97.092877
"112",112,NA,NA,NA,NA
"113",113,NA,NA,NA,NA
"114",114,"IL","Chicago,",40.633125,-89.398528
"115",115,"CA","Francisco,",36.778261,-119.417932
"116",116,"CA","Area,",36.778261,-119.417932
"117",117,"IL","Chicago,",40.633125,-89.398528
"118",118,NA,NA,NA,NA
"119",119,"CA","Sunnyvale,",36.778261,-119.417932
"120",120,"CA","Clara,",36.778261,-119.417932
"121",121,"IL","Chicago,",40.633125,-89.398528
"122",122,"CA","Chatsworth,",36.778261,-119.417932
"123",123,"IA","Urbandale,",41.878003,-93.097702
"124",124,NA,NA,NA,NA
"125",125,NA,NA,NA,NA
"126",126,NA,NA,NA,NA
"127",127,"CA","Viejo,",36.778261,-119.417932
"128",128,NA,NA,NA,NA
"129",129,"CA","Jose,",36.778261,-119.417932
"130",130,"CA","View,",36.778261,-119.417932
"131",131,"FL","allahassee,",27.664827,-81.515754
"132",132,"MA","Boston,",42.407211,-71.382437
"133",133,"MI","Rapids,",44.314844,-85.602364
"134",134,"CA","Calabasas,",36.778261,-119.417932
"135",135,"FL","Petersburg,",27.664827,-81.515754
"136",136,NA,NA,NA,NA
"137",137,"IA","Moines,",41.878003,-93.097702
"138",138,"NJ","Ridge,",40.058324,-74.405661
"139",139,NA,NA,NA,NA
"140",140,NA,NA,NA,NA
"141",141,"DE","Wilmington,",38.910832,-75.52767
"142",142,"WA","Bellevue,",47.751074,-120.740139
"143",143,NA,NA,NA,NA
"144",144,"WA","Bellevue,",47.751074,-120.740139
"145",145,"MI","Pleasant,",44.314844,-85.602364
"146",146,"MD","Rockville,",39.045755,-76.641271
"147",147,"CO","Boulder,",39.550051,-105.782067
"148",148,"CA","City,",36.778261,-119.417932
"149",149,"CO","Denver,",39.550051,-105.782067
"150",150,"NY","Webster,",43.299428,-74.217933
"151",151,NA,NA,NA,NA
"152",152,NA,NA,NA,NA
"153",153,"MA","Boston,",42.407211,-71.382437
"154",154,"CO","Englewood,",39.550051,-105.782067
"155",155,NA,NA,NA,NA
"156",156,"GA","Atlanta,",32.157435,-82.907123
"157",157,"IL","Chicago,",40.633125,-89.398528
"158",158,"AZ","Flagstaff,",34.048928,-111.093731
"159",159,"IL","Chicago,",40.633125,-89.398528
"160",160,NA,NA,NA,NA
"161",161,NA,NA,NA,NA
"162",162,NA,NA,NA,NA
"163",163,"NE","Omaha,",41.492537,-99.901813
"164",164,NA,NA,NA,NA
"165",165,"NY","Manhattan,",43.299428,-74.217933
"166",166,"CA","Redding,",36.778261,-119.417932
"167",167,"FL","Raton,",27.664827,-81.515754
"168",168,"WI","Milwaukee,",43.78444,-88.787868
"169",169,NA,NA,NA,NA
"170",170,NA,NA,NA,NA
"171",171,NA,NA,NA,NA
"172",172,NA,NA,NA,NA
"173",173,"GA","Atlanta,",32.157435,-82.907123
"174",174,"WA","Bellevue,",47.751074,-120.740139
"175",175,"IL","Rockford,",40.633125,-89.398528
"176",176,"MI","Detroit,",44.314844,-85.602364
"177",177,"CA","Jose,",36.778261,-119.417932
"178",178,NA,NA,NA,NA
"179",179,"CA","Francisco,",36.778261,-119.417932
"180",180,"PA","Philadelphia,",41.203322,-77.194525
"181",181,"FL","Orlando,",27.664827,-81.515754
"182",182,NA,NA,NA,NA
"183",183,"MA","Worcester,",42.407211,-71.382437
"184",184,"PA","Wayne,",41.203322,-77.194525
"185",185,"NY",",",43.299428,-74.217933
"186",186,NA,NA,NA,NA
"187",187,"MD","Lanham,",39.045755,-76.641271
"188",188,"CA","Fremont,",36.778261,-119.417932
"189",189,"IL","Chicago,",40.633125,-89.398528
"190",190,NA,NA,NA,NA
"191",191,"CA","Diego,",36.778261,-119.417932
"192",192,NA,NA,NA,NA
"193",193,"MS","Android,",32.354668,-89.398528
"194",194,"KS","Manhattan,",39.011902,-98.484246
"195",195,NA,NA,NA,NA
"196",196,"MA","Amherst,",42.407211,-71.382437
"197",197,"LA","Orleans,",31.244823,-92.145024
"198",198,"MI","Detroit,",44.314844,-85.602364
"199",199,"MI","Rapids,",44.314844,-85.602364
"200",200,"WI","Madison,",43.78444,-88.787868
"201",201,"NE","Lincoln,",41.492537,-99.901813
"202",202,NA,NA,NA,NA
"203",203,NA,NA,NA,NA
"204",204,"IL","Naperville,",40.633125,-89.398528
"205",205,"CA","Francisco,",36.778261,-119.417932
"206",206,NA,NA,NA,NA
"207",207,"CA","Clara,",36.778261,-119.417932
"208",208,NA,NA,NA,NA
"209",209,NA,NA,NA,NA
"210",210,"FL","Plantation,",27.664827,-81.515754
"211",211,NA,NA,NA,NA
"212",212,"CA","Francisco,",36.778261,-119.417932
"213",213,"CA","Oracle,",36.778261,-119.417932
"214",214,NA,NA,NA,NA
"215",215,"NY","York,",43.299428,-74.217933
"216",216,"GA","Atlanta,",32.157435,-82.907123
"217",217,"GA","Alpharetta,",32.157435,-82.907123
"218",218,NA,NA,NA,NA
"219",219,NA,NA,NA,NA
"220",220,NA,NA,NA,NA
"221",221,"RI","Woonsocket,",41.580095,-71.477429
"222",222,"VA","McLean,",37.431573,-78.656894
"223",223,"CA","Sacramento,",36.778261,-119.417932
"224",224,NA,NA,NA,NA
"225",225,NA,NA,NA,NA
"226",226,NA,NA,NA,NA
"227",227,"MS","HML,Oracle,",32.354668,-89.398528
"228",228,NA,NA,NA,NA
"229",229,"FL","Miami,",27.664827,-81.515754
"230",230,NA,NA,NA,NA
"231",231,NA,NA,NA,NA
"232",232,"IL","Lemont,",40.633125,-89.398528
"233",233,NA,NA,NA,NA
"234",234,"VA","for",37.431573,-78.656894
"235",235,NA,NA,NA,NA
"236",236,NA,NA,NA,NA
"237",237,NA,NA,NA,NA
"238",238,"NC","Durham,",35.759573,-79.0193
"239",239,"IL","Chicago,",40.633125,-89.398528
"240",240,NA,NA,NA,NA
"241",241,"NM","yrone,",34.97273,-105.032363
"242",242,NA,NA,NA,NA
"243",243,"NC","Greenville,",35.759573,-79.0193
"244",244,"MD","Rockville,",39.045755,-76.641271
"245",245,"PA","Philadelphia,",41.203322,-77.194525
"246",246,NA,NA,NA,NA
"247",247,"MN","Minneapolis,",46.729553,-94.6859
"248",248,NA,NA,NA,NA
"249",249,NA,NA,NA,NA
"250",250,"IL","Chicago,",40.633125,-89.398528
"251",251,"NY","York,",43.299428,-74.217933
"252",252,"NY","Brooklyn,",43.299428,-74.217933
"253",253,"CA","Carlsbad,",36.778261,-119.417932
"254",254,NA,NA,NA,NA
"255",255,NA,NA,NA,NA
"256",256,"CA","Milpitas,",36.778261,-119.417932
"257",257,NA,NA,NA,NA
"258",258,NA,NA,NA,NA
"259",259,"VA","Vienna,",37.431573,-78.656894
"260",260,NA,NA,NA,NA
"261",261,"CA","work",36.778261,-119.417932
"262",262,"MO","City,",37.964253,-91.831833
"263",263,"MN","Rochester,",46.729553,-94.6859
"264",264,NA,NA,NA,NA
"265",265,NA,NA,NA,NA
"266",266,NA,NA,NA,NA
"267",267,NA,NA,NA,NA
"268",268,"NY","York,",43.299428,-74.217933
"269",269,"IN","Fishers,",40.551217,-85.602364
"270",270,NA,NA,NA,NA
"271",271,NA,NA,NA,NA
"272",272,"NY","York,",43.299428,-74.217933
"273",273,"MI","Lansing,",44.314844,-85.602364
"274",274,"GA","Lawrenceville,",32.157435,-82.907123
"275",275,NA,NA,NA,NA
"276",276,"CA","Sacramento,",36.778261,-119.417932
"277",277,"NY","York,",43.299428,-74.217933
"278",278,NA,NA,NA,NA
"279",279,"MS","MySQL,",32.354668,-89.398528
"280",280,"GA","Atlanta,",32.157435,-82.907123
"281",281,NA,NA,NA,NA
"282",282,NA,NA,NA,NA
"283",283,"AZ","empe,",34.048928,-111.093731
"284",284,"AZ","ucson,",34.048928,-111.093731
"285",285,"FL","ampa,",27.664827,-81.515754
"286",286,"NY","York,",43.299428,-74.217933
"287",287,"MS","and",32.354668,-89.398528
"288",288,"NJ","Ridge,",40.058324,-74.405661
"289",289,"DE","Newark,",38.910832,-75.52767
"290",290,NA,NA,NA,NA
"291",291,NA,NA,NA,NA
"292",292,NA,NA,NA,NA
"293",293,"MS","and",32.354668,-89.398528
"294",294,"MA","Boston,",42.407211,-71.382437
"295",295,NA,NA,NA,NA
"296",296,"OH","Columbus,",40.417287,-82.907123
"297",297,NA,NA,NA,NA
"298",298,NA,NA,NA,NA
"299",299,NA,NA,NA,NA
"300",300,"NC","Mooresville,",35.759573,-79.0193
"301",301,"CA","Ramon,",36.778261,-119.417932
"302",302,"CA","Irvine,",36.778261,-119.417932
"303",303,"IA","enable",41.878003,-93.097702
"304",304,"NH","Dover,",43.193852,-71.572395
"305",305,"NH","Dover,",43.193852,-71.572395
"306",306,NA,NA,NA,NA
"307",307,"NY","Bethpage,",43.299428,-74.217933
"308",308,NA,NA,NA,NA
"309",309,"NY","York,",43.299428,-74.217933
"310",310,"IL","Chicago,",40.633125,-89.398528
"311",311,"CA","organization.",36.778261,-119.417932
"312",312,NA,NA,NA,NA
"313",313,"CO","Boulder,",39.550051,-105.782067
"314",314,NA,NA,NA,NA
"315",315,"CA","Permanente,",36.778261,-119.417932
"316",316,NA,NA,NA,NA
"317",317,NA,NA,NA,NA
"318",318,"KY","Georgetown,",37.839333,-84.270018
"319",319,"NY","York,",43.299428,-74.217933
"320",320,NA,NA,NA,NA
"321",321,"VA","Alexandria,",37.431573,-78.656894
"322",322,NA,NA,NA,NA
"323",323,NA,NA,NA,NA
"324",324,"WA","Seattle,",47.751074,-120.740139
"325",325,"WA","Bellevue,",47.751074,-120.740139
"326",326,"NC","Charlotte,",35.759573,-79.0193
"327",327,"OH","Columbus,",40.417287,-82.907123
"328",328,"OH","Columbus,",40.417287,-82.907123
"329",329,NA,NA,NA,NA
"330",330,NA,NA,NA,NA
"331",331,"IL","Chicago,",40.633125,-89.398528
"332",332,NA,NA,NA,NA
"333",333,NA,NA,NA,NA
"334",334,"IN","Carlisle,",40.551217,-85.602364
"335",335,"DC","and",38.905985,-77.033418
"336",336,NA,NA,NA,NA
"337",337,"OH","London,",40.417287,-82.907123
"338",338,"CO","Boulder,",39.550051,-105.782067
"339",339,NA,NA,NA,NA
"340",340,"NY","York,",43.299428,-74.217933
"341",341,"CA","City,",36.778261,-119.417932
"342",342,NA,NA,NA,NA
"343",343,"IN","Muncie,",40.551217,-85.602364
"344",344,"MA","Boston,",42.407211,-71.382437
"345",345,NA,NA,NA,NA
"346",346,NA,NA,NA,NA
"347",347,"CA","City,",36.778261,-119.417932
"348",348,"NY","Albany,",43.299428,-74.217933
"349",349,NA,NA,NA,NA
"350",350,"CA","Francisco,",36.778261,-119.417932
"351",351,"CA","Francisco,",36.778261,-119.417932
"352",352,"VA","McLean,",37.431573,-78.656894
"353",353,NA,NA,NA,NA
"354",354,"MD","Gaithersburg,",39.045755,-76.641271
"355",355,NA,NA,NA,NA
"356",356,"CA","Sacramento,",36.778261,-119.417932
"357",357,NA,NA,NA,NA
"358",358,"WA","Seattle,",47.751074,-120.740139
"359",359,"MN","Paul,",46.729553,-94.6859
"360",360,"MI","Pleasant,",44.314844,-85.602364
"361",361,"CA","orrance,",36.778261,-119.417932
"362",362,NA,NA,NA,NA
"363",363,NA,NA,NA,NA
"364",364,"CA","Francisco,",36.778261,-119.417932
"365",365,NA,NA,NA,NA
"366",366,NA,NA,NA,NA
"367",367,"MI","Detroit,",44.314844,-85.602364
"368",368,"VA","McLean,",37.431573,-78.656894
"369",369,"NH","Hudson,",43.193852,-71.572395
"370",370,"CA","Francisco,",36.778261,-119.417932
"371",371,"KS","opeka,",39.011902,-98.484246
"372",372,NA,NA,NA,NA
"373",373,NA,NA,NA,NA
"374",374,NA,NA,NA,NA
"375",375,"MA","Boston,",42.407211,-71.382437
"376",376,"MA","Boston,",42.407211,-71.382437
"377",377,"CA","Pasadena,",36.778261,-119.417932
"378",378,NA,NA,NA,NA
"379",379,"NJ","City,",40.058324,-74.405661
"380",380,"PA","Conshohocken,",41.203322,-77.194525
"381",381,"NC","-",35.759573,-79.0193
"382",382,"GA","Atlanta,",32.157435,-82.907123
"383",383,"NY","York,",43.299428,-74.217933
"384",384,"AZ","Phoenix,",34.048928,-111.093731
"385",385,NA,NA,NA,NA
"386",386,"WI","Madison,",43.78444,-88.787868
"387",387,"CA","Roseville,",36.778261,-119.417932
"388",388,"NY","Watervliet,",43.299428,-74.217933
"389",389,"MS","eradata,",32.354668,-89.398528
"390",390,NA,NA,NA,NA
"391",391,"CA","Jose,",36.778261,-119.417932
"392",392,NA,NA,NA,NA
"393",393,"RI","Cranston,",41.580095,-71.477429
"394",394,NA,NA,NA,NA
"395",395,"NJ","Peapack,",40.058324,-74.405661
"396",396,"VA","Richmond,",37.431573,-78.656894
"397",397,"CA","Jose,",36.778261,-119.417932
"398",398,"MA","Boston,",42.407211,-71.382437
"399",399,"WI","Madison,",43.78444,-88.787868
"400",400,NA,NA,NA,NA
"401",401,"NJ","Brunswick,",40.058324,-74.405661
"402",402,"NY","York,",43.299428,-74.217933
"403",403,NA,NA,NA,NA
"404",404,"PA","Philadelphia,",41.203322,-77.194525
"405",405,"NV","Vegas,",38.80261,-116.419389
"406",406,NA,NA,NA,NA
"407",407,"NC","Charlotte,",35.759573,-79.0193
"408",408,"GA","Atlanta,",32.157435,-82.907123
"409",409,"CA","Angeles,",36.778261,-119.417932
"410",410,"IL","Moline,",40.633125,-89.398528
"411",411,"MN","Rochester,",46.729553,-94.6859
"412",412,"OH","Cleveland,",40.417287,-82.907123
"413",413,"PA","McConnellsburg,",41.203322,-77.194525
"414",414,"LA","Lafayette,",31.244823,-92.145024
"415",415,NA,NA,NA,NA
"416",416,"MA","Cambridge,",42.407211,-71.382437
"417",417,"IN","Indianapolis,",40.551217,-85.602364
"418",418,NA,NA,NA,NA
"419",419,"VA","Norfolk,",37.431573,-78.656894
"420",420,"MD","Park,",39.045755,-76.641271
"421",421,NA,NA,NA,NA
"422",422,NA,NA,NA,NA
"423",423,"NY","York,",43.299428,-74.217933
"424",424,NA,NA,NA,NA
"425",425,NA,NA,NA,NA
"426",426,"NY","York,",43.299428,-74.217933
"427",427,"NY","York,",43.299428,-74.217933
"428",428,"FL","Orlando,",27.664827,-81.515754
"429",429,"MN","View,",46.729553,-94.6859
"430",430,NA,NA,NA,NA
"431",431,NA,NA,NA,NA
"432",432,NA,NA,NA,NA
"433",433,NA,NA,NA,NA
"434",434,"LA","Lacombe,",31.244823,-92.145024
"435",435,"VA","Cable,",37.431573,-78.656894
"436",436,"CA","Fresno,",36.778261,-119.417932
"437",437,NA,NA,NA,NA
"438",438,"NY","York,",43.299428,-74.217933
"439",439,"KS","City,",39.011902,-98.484246
"440",440,NA,NA,NA,NA
"441",441,NA,NA,NA,NA
"442",442,"IL","Bloomington,",40.633125,-89.398528
"443",443,NA,NA,NA,NA
"444",444,NA,NA,NA,NA
"445",445,"CO","Boulder,",39.550051,-105.782067
"446",446,"OH","Akron,",40.417287,-82.907123
"447",447,"MO","Louis,",37.964253,-91.831833
"448",448,"MS","for",32.354668,-89.398528
"449",449,"CA","Angeles,",36.778261,-119.417932
"450",450,"NY","York,",43.299428,-74.217933
"451",451,"CA","Jose,",36.778261,-119.417932
"452",452,"CA","Jose,",36.778261,-119.417932
"453",453,NA,NA,NA,NA
"454",454,NA,NA,NA,NA
"455",455,"NY","York,",43.299428,-74.217933
"456",456,"PA","Norriton,",41.203322,-77.194525
"457",457,"NY","York,",43.299428,-74.217933
"458",458,NA,NA,NA,NA
"459",459,"CA","Segundo,",36.778261,-119.417932
"460",460,"NY","Island,",43.299428,-74.217933
"461",461,"WA","Cashmere,",47.751074,-120.740139
"462",462,NA,NA,NA,NA
"463",463,"CA","Milpitas,",36.778261,-119.417932
"464",464,NA,NA,NA,NA
"465",465,"CA","Valley,",36.778261,-119.417932
"466",466,NA,NA,NA,NA
"467",467,"PA","Chester,",41.203322,-77.194525
"468",468,"CA","Sacramento,",36.778261,-119.417932
"469",469,NA,NA,NA,NA
"470",470,NA,NA,NA,NA
"471",471,NA,NA,NA,NA
"472",472,NA,NA,NA,NA
"473",473,NA,NA,NA,NA
"474",474,NA,NA,NA,NA
"475",475,NA,NA,NA,NA
"476",476,NA,NA,NA,NA
"477",477,"NY","Buffalo,",43.299428,-74.217933
"478",478,"NJ","Developer",40.058324,-74.405661
"479",479,"NC","Durham,",35.759573,-79.0193
"480",480,NA,NA,NA,NA
"481",481,"CA","Marcos,",36.778261,-119.417932
"482",482,"CA","Park,",36.778261,-119.417932
"483",483,NA,NA,NA,NA
"484",484,"CA","Alto,",36.778261,-119.417932
"485",485,"CA","Angeles,",36.778261,-119.417932
"486",486,"HI","Honolulu,",19.898682,-155.665857
"487",487,"PA","Pittsburgh,",41.203322,-77.194525
"488",488,"PA","Philadelphia,",41.203322,-77.194525
"489",489,NA,NA,NA,NA
"490",490,NA,NA,NA,NA
"491",491,NA,NA,NA,NA
"492",492,"DC","Washington,",38.905985,-77.033418
"493",493,NA,NA,NA,NA
"494",494,"WA","Seattle,",47.751074,-120.740139
"495",495,"OR","Corvallis,",43.804133,-120.554201
"496",496,"IN","Wayne,",40.551217,-85.602364
"497",497,"IN","Indianapolis,",40.551217,-85.602364
"498",498,"NE","Confidential",41.492537,-99.901813
"499",499,"VA","McLean,",37.431573,-78.656894
"500",500,"MI","Shield,",44.314844,-85.602364
"501",501,"SC","Mill,",33.836081,-81.163725
"502",502,NA,NA,NA,NA
"503",503,"GA","Midtwon,",32.157435,-82.907123
"504",504,NA,NA,NA,NA
"505",505,NA,NA,NA,NA
"506",506,"IA","City,",41.878003,-93.097702
"507",507,"MN","Bemidji,",46.729553,-94.6859
"508",508,"IA","Johnston,",41.878003,-93.097702
"509",509,NA,NA,NA,NA
"510",510,NA,NA,NA,NA
"511",511,NA,NA,NA,NA
"512",512,"MA","Marlborough,",42.407211,-71.382437
"513",513,"CA","Sunnyvale,",36.778261,-119.417932
"514",514,"MS","Bootstrap,",32.354668,-89.398528
"515",515,NA,NA,NA,NA
"516",516,NA,NA,NA,NA
"517",517,NA,NA,NA,NA
"518",518,"VA","Herndon,",37.431573,-78.656894
"519",519,"NH","Salem,",43.193852,-71.572395
"520",520,"OH","Columbus,",40.417287,-82.907123
"521",521,"CA","Fremont,",36.778261,-119.417932
"522",522,"MO","City,",37.964253,-91.831833
"523",523,"IL","Rockford,",40.633125,-89.398528
"524",524,"VA","Reston,",37.431573,-78.656894
"525",525,"GA","Creek,",32.157435,-82.907123
"526",526,"OR","Portland,",43.804133,-120.554201
"527",527,"MA","Boston,",42.407211,-71.382437
"528",528,"MA","Boston,",42.407211,-71.382437
"529",529,NA,NA,NA,NA
"530",530,"CA","Francisco,",36.778261,-119.417932
"531",531,"VA","Richmond,",37.431573,-78.656894
"532",532,"MA","Boston,",42.407211,-71.382437
"533",533,"GA","Dunwoody,",32.157435,-82.907123
"534",534,"AZ","ucson,",34.048928,-111.093731
"535",535,"NC","Greensboro,",35.759573,-79.0193
"536",536,NA,NA,NA,NA
"537",537,"VA","Allen,",37.431573,-78.656894
"538",538,"WA","Redmond,",47.751074,-120.740139
"539",539,"PA","Pittsburgh,",41.203322,-77.194525
"540",540,NA,NA,NA,NA
"541",541,"NY","York,",43.299428,-74.217933
"542",542,NA,NA,NA,NA
"543",543,"NC","Raleigh,",35.759573,-79.0193
"544",544,"MI","Hills,",44.314844,-85.602364
"545",545,NA,NA,NA,NA
"546",546,NA,NA,NA,NA
"547",547,"MI","Arbor,",44.314844,-85.602364
"548",548,NA,NA,NA,NA
"549",549,"AZ","empe,",34.048928,-111.093731
"550",550,NA,NA,NA,NA
"551",551,"MD","Echo,",39.045755,-76.641271
"552",552,"GA","Atlanta,",32.157435,-82.907123
"553",553,NA,NA,NA,NA
"554",554,NA,NA,NA,NA
"555",555,NA,NA,NA,NA
"556",556,"CA","Fresno,",36.778261,-119.417932
"557",557,"IL","Chicago,",40.633125,-89.398528
"558",558,NA,NA,NA,NA
"559",559,"RI","Woonsocket,",41.580095,-71.477429
"560",560,"RI","Woonsocket,",41.580095,-71.477429
"561",561,NA,NA,NA,NA
"562",562,"OH","Columbus,",40.417287,-82.907123
"563",563,NA,NA,NA,NA
"564",564,"WA","umwater,",47.751074,-120.740139
"565",565,NA,NA,NA,NA
"566",566,NA,NA,NA,NA
"567",567,"MA","Wellesley,",42.407211,-71.382437
"568",568,"MO","City,",37.964253,-91.831833
"569",569,"CA","Ana,",36.778261,-119.417932
"570",570,NA,NA,NA,NA
"571",571,NA,NA,NA,NA
"572",572,NA,NA,NA,NA
"573",573,"IL","Batavia,",40.633125,-89.398528
"574",574,"MA","Borough,",42.407211,-71.382437
"575",575,"CA","Redlands,",36.778261,-119.417932
"576",576,"NJ","Hoboken,",40.058324,-74.405661
"577",577,NA,NA,NA,NA
"578",578,NA,NA,NA,NA
"579",579,"NY","York,",43.299428,-74.217933
"580",580,"VA","Richmond,",37.431573,-78.656894
"581",581,"CA","Francisco,",36.778261,-119.417932
"582",582,NA,NA,NA,NA
"583",583,NA,NA,NA,NA
"584",584,"SC","Columbia,",33.836081,-81.163725
"585",585,NA,NA,NA,NA
"586",586,"WA","Redmond,",47.751074,-120.740139
"587",587,"MN","Inc.,",46.729553,-94.6859
"588",588,"OH","oledo,",40.417287,-82.907123
"589",589,"OR","Portland,",43.804133,-120.554201
"590",590,"MO","Chesterfield,",37.964253,-91.831833
"591",591,NA,NA,NA,NA
"592",592,"NY","York,",43.299428,-74.217933
"593",593,NA,NA,NA,NA
"594",594,"CA","Berkeley,",36.778261,-119.417932
"595",595,"MN","Paul,",46.729553,-94.6859
"596",596,NA,NA,NA,NA
"597",597,"VA","Richmond,",37.431573,-78.656894
"598",598,"IL","Urbana-Champaign,",40.633125,-89.398528
"599",599,"NC","Durham,",35.759573,-79.0193
"600",600,"MA","Waltham,",42.407211,-71.382437
"601",601,NA,NA,NA,NA
"602",602,"CA","Francisco,",36.778261,-119.417932
"603",603,"NJ","Lee,",40.058324,-74.405661
"604",604,"OH","Columbus,",40.417287,-82.907123
"605",605,NA,NA,NA,NA
"606",606,"FL","Petersburg,",27.664827,-81.515754
"607",607,"CO","Collins,",39.550051,-105.782067
"608",608,"CA","Fargo,",36.778261,-119.417932
"609",609,NA,NA,NA,NA
"610",610,"NC","Charlotte,",35.759573,-79.0193
"611",611,"GA","Atlanta,",32.157435,-82.907123
"612",612,"NJ","Princeton,",40.058324,-74.405661
"613",613,"FL","Hollywood,",27.664827,-81.515754
"614",614,"NY","York,",43.299428,-74.217933
"615",615,"IL","Chicago,",40.633125,-89.398528
"616",616,"RI","Woonsocket,",41.580095,-71.477429
"617",617,NA,NA,NA,NA
"618",618,NA,NA,NA,NA
"619",619,"CA","Mateo,",36.778261,-119.417932
"620",620,"CA","Francisco,",36.778261,-119.417932
"621",621,"GA","Alpharetta,",32.157435,-82.907123
"622",622,NA,NA,NA,NA
"623",623,NA,NA,NA,NA
"624",624,NA,NA,NA,NA
"625",625,"MA","Amherst,",42.407211,-71.382437
"626",626,NA,NA,NA,NA
"627",627,NA,NA,NA,NA
"628",628,"CA","Clara,",36.778261,-119.417932
"629",629,NA,NA,NA,NA
"630",630,"MN","Minneapolis,",46.729553,-94.6859
"631",631,"NY","York,",43.299428,-74.217933
"632",632,"CO","Collins,",39.550051,-105.782067
"633",633,"AZ","Phoenix,",34.048928,-111.093731
"634",634,"ID","instance",44.068202,-114.742041
"635",635,"IL","Chicago,",40.633125,-89.398528
"636",636,"PA","Prussia,",41.203322,-77.194525
"637",637,"MI","Hills,",44.314844,-85.602364
"638",638,"CA","orrance,",36.778261,-119.417932
"639",639,"CA","Jose,",36.778261,-119.417932
"640",640,NA,NA,NA,NA
"641",641,NA,NA,NA,NA
"642",642,"NY","York,",43.299428,-74.217933
"643",643,"SD","Falls,",43.969515,-99.901813
"644",644,NA,NA,NA,NA
"645",645,"NY","York,",43.299428,-74.217933
"646",646,"CA","Francisco,",36.778261,-119.417932
"647",647,"OH","Painesville,",40.417287,-82.907123
"648",648,NA,NA,NA,NA
"649",649,NA,NA,NA,NA
"650",650,NA,NA,NA,NA
"651",651,"GA","Atlanta,",32.157435,-82.907123
"652",652,"PA","Philadelphia,",41.203322,-77.194525
"653",653,NA,NA,NA,NA
"654",654,"AZ","Phoenix,",34.048928,-111.093731
"655",655,"NY","Brooklyn,",43.299428,-74.217933
"656",656,NA,NA,NA,NA
"657",657,"FL","Miami,",27.664827,-81.515754
"658",658,"NY","York,",43.299428,-74.217933
"659",659,"GA","Atlanta,",32.157435,-82.907123
"660",660,"MS","Eclipse,",32.354668,-89.398528
"661",661,NA,NA,NA,NA
"662",662,NA,NA,NA,NA
"663",663,"IL","Chicago,",40.633125,-89.398528
"664",664,"NC","Charlotte,",35.759573,-79.0193
"665",665,NA,NA,NA,NA
"666",666,NA,NA,NA,NA
"667",667,"NJ","City,",40.058324,-74.405661
"668",668,"OH","Columbus,",40.417287,-82.907123
"669",669,"FL","Petersburg,",27.664827,-81.515754
"670",670,NA,NA,NA,NA
"671",671,"GA","Alpharetta,",32.157435,-82.907123
"672",672,"MS","using",32.354668,-89.398528
"673",673,"NY","Melville,",43.299428,-74.217933
"674",674,NA,NA,NA,NA
"675",675,NA,NA,NA,NA
"676",676,"CA","Francisco,",36.778261,-119.417932
"677",677,"MO","Louis,",37.964253,-91.831833
"678",678,NA,NA,NA,NA
"679",679,"IA","Moines,",41.878003,-93.097702
"680",680,NA,NA,NA,NA
"681",681,NA,NA,NA,NA
"682",682,"NJ","Lebanon,",40.058324,-74.405661
"683",683,"OH","Milford,",40.417287,-82.907123
"684",684,"NY","Experian",43.299428,-74.217933
"685",685,NA,NA,NA,NA
"686",686,NA,NA,NA,NA
"687",687,NA,NA,NA,NA
"688",688,NA,NA,NA,NA
"689",689,"FL","Lauderdale,",27.664827,-81.515754
"690",690,"PA","Mills,",41.203322,-77.194525
"691",691,"DE","Wilmington,",38.910832,-75.52767
"692",692,NA,NA,NA,NA
"693",693,"NY","York,",43.299428,-74.217933
"694",694,"NY","Pittsford,",43.299428,-74.217933
"695",695,NA,NA,NA,NA
"696",696,"FL","Springs,",27.664827,-81.515754
"697",697,"CA","Carlsbad,",36.778261,-119.417932
"698",698,"CA","Jose,",36.778261,-119.417932
"699",699,NA,NA,NA,NA
"700",700,NA,NA,NA,NA
"701",701,NA,NA,NA,NA
"702",702,NA,NA,NA,NA
"703",703,"MS","using",32.354668,-89.398528
"704",704,"NJ","Bridgewater,",40.058324,-74.405661
"705",705,"WA","Bothell,",47.751074,-120.740139
"706",706,"VA","McLean,",37.431573,-78.656894
"707",707,"MD","Baltimore,",39.045755,-76.641271
"708",708,"DC","Washington,",38.905985,-77.033418
"709",709,"CA","Angeles,",36.778261,-119.417932
"710",710,NA,NA,NA,NA
"711",711,"OR","Portland,",43.804133,-120.554201
"712",712,"MN","Eagan,",46.729553,-94.6859
"713",713,"SC","Mill,",33.836081,-81.163725
"714",714,"GA","Atlanta,",32.157435,-82.907123
"715",715,NA,NA,NA,NA
"716",716,"IN","Lafayette,",40.551217,-85.602364
"717",717,"NJ","-",40.058324,-74.405661
"718",718,"MS","existing",32.354668,-89.398528
"719",719,"NC","Hill,",35.759573,-79.0193
"720",720,"OH","Columbus,",40.417287,-82.907123
"721",721,"NC","Charlotte,",35.759573,-79.0193
"722",722,NA,NA,NA,NA
"723",723,"CA","Cisco,",36.778261,-119.417932
"724",724,"CA","ECHNOLOGY,",36.778261,-119.417932
"725",725,"IL","Heights,",40.633125,-89.398528
"726",726,NA,NA,NA,NA
"727",727,NA,NA,NA,NA
"728",728,"ND","Fargo,",47.551493,-101.002012
"729",729,"VA","McLean,",37.431573,-78.656894
"730",730,"NC","Charlotte,",35.759573,-79.0193
"731",731,"VA","McLean,",37.431573,-78.656894
"732",732,NA,NA,NA,NA
"733",733,"NY","York,",43.299428,-74.217933
"734",734,"CA","Francisco,",36.778261,-119.417932
"735",735,NA,NA,NA,NA
"736",736,"CA","Diego,",36.778261,-119.417932
"737",737,"NC","Charlotte,",35.759573,-79.0193
"738",738,"IL","Chicago,",40.633125,-89.398528
"739",739,"MI","Arbor,",44.314844,-85.602364
"740",740,"NJ","SAMSUNG,",40.058324,-74.405661
"741",741,"PA","Pittsburgh,",41.203322,-77.194525
"742",742,NA,NA,NA,NA
"743",743,"CA","Alto,",36.778261,-119.417932
"744",744,"OH","Heights,",40.417287,-82.907123
"745",745,NA,NA,NA,NA
"746",746,NA,NA,NA,NA
"747",747,"AZ","Scottsdale,",34.048928,-111.093731
"748",748,NA,NA,NA,NA
"749",749,NA,NA,NA,NA
"750",750,"NY","Brooklyn,",43.299428,-74.217933
"751",751,"LA","in",31.244823,-92.145024
"752",752,"AR","Bentonville,",35.20105,-91.831833
"753",753,NA,NA,NA,NA
"754",754,"CA","Irvine,",36.778261,-119.417932
"755",755,NA,NA,NA,NA
"756",756,NA,NA,NA,NA
"757",757,NA,NA,NA,NA
"758",758,"MI","Hills,",44.314844,-85.602364
"759",759,NA,NA,NA,NA
"760",760,NA,NA,NA,NA
"761",761,NA,NA,NA,NA
"762",762,"IL","Bloomington,",40.633125,-89.398528
"763",763,"NC","Charlotte,",35.759573,-79.0193
"764",764,"CA","Burbank,",36.778261,-119.417932
"765",765,"NJ","Union,",40.058324,-74.405661
"766",766,NA,NA,NA,NA
"767",767,"WA","Bothell,",47.751074,-120.740139
"768",768,"MO","Springfield,",37.964253,-91.831833
"769",769,"NJ","Hamilton,",40.058324,-74.405661
"770",770,"IA","Falls,",41.878003,-93.097702
"771",771,NA,NA,NA,NA
"772",772,"CA","Cupertino,",36.778261,-119.417932
"773",773,"FL","Miami,",27.664827,-81.515754
"774",774,NA,NA,NA,NA
"775",775,"NY","Albany,",43.299428,-74.217933
"776",776,NA,NA,NA,NA
"777",777,"CA","Jose,",36.778261,-119.417932
"778",778,"PA","Pittsburgh,",41.203322,-77.194525
"779",779,"CA","Francisco,",36.778261,-119.417932
"780",780,"MS","Agile,",32.354668,-89.398528
"781",781,"MI","Lansing,",44.314844,-85.602364
"782",782,"NC","Charlotte,",35.759573,-79.0193
"783",783,"CA","Sunnyvale,",36.778261,-119.417932
"784",784,"NY","York,",43.299428,-74.217933
"785",785,NA,NA,NA,NA
"786",786,"IN","Bloomington,",40.551217,-85.602364
"787",787,"FL","Orlando,",27.664827,-81.515754
"788",788,"OH","Falls,",40.417287,-82.907123
"789",789,"CA","City,",36.778261,-119.417932
"790",790,NA,NA,NA,NA
"791",791,"MO","Louis,",37.964253,-91.831833
"792",792,NA,NA,NA,NA
"793",793,"CO","Monument,",39.550051,-105.782067
"794",794,NA,NA,NA,NA
"795",795,"PA","College,",41.203322,-77.194525
"796",796,"MA","Framingham,",42.407211,-71.382437
"797",797,"GA","Atlanta,",32.157435,-82.907123
"798",798,"SD","Falls,",43.969515,-99.901813
"799",799,"MI","Arbor,",44.314844,-85.602364
"800",800,"IL","Skokie,",40.633125,-89.398528
"801",801,"WA","Richland,",47.751074,-120.740139
"802",802,"OK","Stillwater,",35.007752,-97.092877
"803",803,NA,NA,NA,NA
"804",804,NA,NA,NA,NA
"805",805,"CA","View,",36.778261,-119.417932
"806",806,NA,NA,NA,NA
"807",807,"VA","Church,",37.431573,-78.656894
"808",808,NA,NA,NA,NA
"809",809,"NM","Fe,",34.97273,-105.032363
"810",810,"NY","York,",43.299428,-74.217933
"811",811,"VA","Richmond,",37.431573,-78.656894
"812",812,NA,NA,NA,NA
"813",813,"WA","Vancouver,",47.751074,-120.740139
"814",814,"FL","Orlando,",27.664827,-81.515754
"815",815,NA,NA,NA,NA
"816",816,"VA","Charlottesville,",37.431573,-78.656894
"817",817,"CA","Jose,",36.778261,-119.417932
"818",818,"WA","Kirkland,",47.751074,-120.740139
"819",819,NA,NA,NA,NA
"820",820,NA,NA,NA,NA
"821",821,"IA","Moines,",41.878003,-93.097702
"822",822,NA,NA,NA,NA
"823",823,"OH","Columbus,",40.417287,-82.907123
"824",824,NA,NA,NA,NA
"825",825,"CA","Sacramento,",36.778261,-119.417932
"826",826,NA,NA,NA,NA
"827",827,NA,NA,NA,NA
"828",828,"CA","City,",36.778261,-119.417932
"829",829,NA,NA,NA,NA
"830",830,"NJ","Bridgewater,",40.058324,-74.405661
"831",831,"AR","Rock,",35.20105,-91.831833
"832",832,"NY","York,",43.299428,-74.217933
"833",833,NA,NA,NA,NA
"834",834,"FL","Orlando,",27.664827,-81.515754
"835",835,NA,NA,NA,NA
"836",836,NA,NA,NA,NA
"837",837,"MD","Baltimore,",39.045755,-76.641271
"838",838,NA,NA,NA,NA
"839",839,"OH","Cincinnati,",40.417287,-82.907123
"840",840,NA,NA,NA,NA
"841",841,"PA","Philadelphia,",41.203322,-77.194525
"842",842,"NE","Omaha,",41.492537,-99.901813
"843",843,NA,NA,NA,NA
"844",844,"WA","Bellevue,",47.751074,-120.740139
"845",845,"MS","RAD,",32.354668,-89.398528
"846",846,NA,NA,NA,NA
"847",847,"IL","Chicago,",40.633125,-89.398528
"848",848,NA,NA,NA,NA
"849",849,"WA","Bothell,",47.751074,-120.740139
"850",850,"AR","Rock,",35.20105,-91.831833
"851",851,"GA","Alpharetta,",32.157435,-82.907123
"852",852,NA,NA,NA,NA
"853",853,"GA","Atlanta,",32.157435,-82.907123
"854",854,"NJ","Warren,",40.058324,-74.405661
"855",855,"AZ","Phoenix,",34.048928,-111.093731
"856",856,NA,NA,NA,NA
"857",857,NA,NA,NA,NA
"858",858,"CA","Jose,",36.778261,-119.417932
"859",859,NA,NA,NA,NA
"860",860,NA,NA,NA,NA
"861",861,NA,NA,NA,NA
"862",862,"FL","Orlando,",27.664827,-81.515754
"863",863,"MI","Hills,",44.314844,-85.602364
"864",864,NA,NA,NA,NA
"865",865,"NC","Charlotte,",35.759573,-79.0193
"866",866,NA,NA,NA,NA
"867",867,"MO","Louis,",37.964253,-91.831833
"868",868,"MA","Cambridge,",42.407211,-71.382437
"869",869,NA,NA,NA,NA
"870",870,"ND","Bismarck,",47.551493,-101.002012
"871",871,"OH","Columbus,",40.417287,-82.907123
"872",872,"OH","Columbus,",40.417287,-82.907123
"873",873,"CA","Cupertino,",36.778261,-119.417932
"874",874,NA,NA,NA,NA
"875",875,NA,NA,NA,NA
"876",876,"NJ","Disabilities,",40.058324,-74.405661
"877",877,"NY","York,",43.299428,-74.217933
"878",878,"NY","York,",43.299428,-74.217933
"879",879,NA,NA,NA,NA
"880",880,"NH","Portsmouth,",43.193852,-71.572395
"881",881,"MI","Lansing,",44.314844,-85.602364
"882",882,NA,NA,NA,NA
"883",883,NA,NA,NA,NA
"884",884,"SD","Brookings,",43.969515,-99.901813
"885",885,"NY","York,",43.299428,-74.217933
"886",886,NA,NA,NA,NA
"887",887,NA,NA,NA,NA
"888",888,"MA","Worcester,",42.407211,-71.382437
"889",889,"MS","BrowserStack,",32.354668,-89.398528
"890",890,"IL","Bloomington,",40.633125,-89.398528
"891",891,"OK","Norman,",35.007752,-97.092877
"892",892,"OH","Cincinnati,",40.417287,-82.907123
"893",893,NA,NA,NA,NA
"894",894,NA,NA,NA,NA
"895",895,NA,NA,NA,NA
"896",896,NA,NA,NA,NA
"897",897,NA,NA,NA,NA
"898",898,"MA","Medford,",42.407211,-71.382437
"899",899,"CA","Diego,",36.778261,-119.417932
"900",900,NA,NA,NA,NA
"901",901,"MS","HML5/CSS,",32.354668,-89.398528
"902",902,NA,NA,NA,NA
"903",903,"CA","Glendale,",36.778261,-119.417932
"904",904,"CO","Boulder,",39.550051,-105.782067
"905",905,NA,NA,NA,NA
"906",906,"NY","York,",43.299428,-74.217933
"907",907,"CA","Berkeley,",36.778261,-119.417932
"908",908,NA,NA,NA,NA
"909",909,"NJ","Princeton,",40.058324,-74.405661
"910",910,NA,NA,NA,NA
"911",911,"CA","Angeles,",36.778261,-119.417932
"912",912,"CA","Jose,",36.778261,-119.417932
"913",913,NA,NA,NA,NA
"914",914,"NY","-",43.299428,-74.217933
"915",915,NA,NA,NA,NA
"916",916,NA,NA,NA,NA
"917",917,NA,NA,NA,NA
"918",918,"IN","Bloomington,",40.551217,-85.602364
"919",919,"CA","Beach,",36.778261,-119.417932
"920",920,"NJ","Plainfield,",40.058324,-74.405661
"921",921,"AL","Montgomery,",32.318231,-86.902298
"922",922,"WA","Bellingham,",47.751074,-120.740139
"923",923,"CO","Boulder,",39.550051,-105.782067
"924",924,"NY","York,",43.299428,-74.217933
"925",925,"OR","Hillsboro,",43.804133,-120.554201
"926",926,NA,NA,NA,NA
"927",927,"CA","AFB,",36.778261,-119.417932
"928",928,"GA","Atlanta,",32.157435,-82.907123
"929",929,NA,NA,NA,NA
"930",930,"AZ","Phoenix,",34.048928,-111.093731
"931",931,NA,NA,NA,NA
"932",932,"VA","Reston,",37.431573,-78.656894
"933",933,"WA","Everett,",47.751074,-120.740139
"934",934,NA,NA,NA,NA
"935",935,NA,NA,NA,NA
"936",936,"CA","Jose,",36.778261,-119.417932
"937",937,"VA","Alexandria,",37.431573,-78.656894
"938",938,NA,NA,NA,NA
"939",939,NA,NA,NA,NA
"940",940,"CA","Clara,",36.778261,-119.417932
"941",941,NA,NA,NA,NA
"942",942,NA,NA,NA,NA
"943",943,"GA","Atlanta,",32.157435,-82.907123
"944",944,NA,NA,NA,NA
"945",945,NA,NA,NA,NA
"946",946,"NC","Charlotte,",35.759573,-79.0193
"947",947,"NY","York,",43.299428,-74.217933
"948",948,"CA","Jose,",36.778261,-119.417932
"949",949,"CA","Francisco,",36.778261,-119.417932
"950",950,NA,NA,NA,NA
"951",951,"MS","in",32.354668,-89.398528
"952",952,"CA","Cerritos,",36.778261,-119.417932
"953",953,NA,NA,NA,NA
"954",954,NA,NA,NA,NA
"955",955,NA,NA,NA,NA
"956",956,"IN","Bloomington,",40.551217,-85.602364
"957",957,"PA","Pittsburgh,",41.203322,-77.194525
"958",958,"NJ","Hoboken,",40.058324,-74.405661
"959",959,NA,NA,NA,NA
"960",960,NA,NA,NA,NA
"961",961,NA,NA,NA,NA
"962",962,NA,NA,NA,NA
"963",963,"MO","Louis,",37.964253,-91.831833
"964",964,"NY","York,",43.299428,-74.217933
"965",965,"CA","Fremont,",36.778261,-119.417932
"966",966,"NY","York,",43.299428,-74.217933
"967",967,"NY","Albany,",43.299428,-74.217933
"968",968,"CA","Stanford,",36.778261,-119.417932
"969",969,NA,NA,NA,NA
"970",970,"KY","Lexington,",37.839333,-84.270018
"971",971,NA,NA,NA,NA
"972",972,"FL","Orlando,",27.664827,-81.515754
"973",973,NA,NA,NA,NA
"974",974,NA,NA,NA,NA
"975",975,NA,NA,NA,NA
"976",976,NA,NA,NA,NA
"977",977,NA,NA,NA,NA
"978",978,NA,NA,NA,NA
"979",979,"FL","Orlando,",27.664827,-81.515754
"980",980,NA,NA,NA,NA
"981",981,"CA","Francisco,",36.778261,-119.417932
"982",982,NA,NA,NA,NA
"983",983,NA,NA,NA,NA
"984",984,"NY","York,",43.299428,-74.217933
"985",985,"FL","Miami,",27.664827,-81.515754
"986",986,"IL","Chicago,",40.633125,-89.398528
"987",987,"OH","Columbus,",40.417287,-82.907123
"988",988,"CA","Carlsbad,",36.778261,-119.417932
"989",989,"MA","Boston,",42.407211,-71.382437
"990",990,NA,NA,NA,NA
"991",991,NA,NA,NA,NA
"992",992,"CA","Jose,",36.778261,-119.417932
"993",993,"NJ","City,",40.058324,-74.405661
"994",994,"MN","Minneapolis,",46.729553,-94.6859
"995",995,"CA","Francisco,",36.778261,-119.417932
"996",996,"NY","York,",43.299428,-74.217933
"997",997,"CO","Englewood,",39.550051,-105.782067
"998",998,"DC","Washington,",38.905985,-77.033418
"999",999,NA,NA,NA,NA
"1000",1000,"GA","Lawrenceville,",32.157435,-82.907123
"1001",1001,"GA","Atlanta,",32.157435,-82.907123
"1002",1002,"NY","York,",43.299428,-74.217933
"1003",1003,"CA","Jose,",36.778261,-119.417932
"1004",1004,NA,NA,NA,NA
"1005",1005,NA,NA,NA,NA
"1006",1006,"OR","Hillsboro,",43.804133,-120.554201
"1007",1007,"MA","Worcester,",42.407211,-71.382437
"1008",1008,"IL","Chicago,",40.633125,-89.398528
"1009",1009,"MA","Boston,",42.407211,-71.382437
"1010",1010,"NY","York,",43.299428,-74.217933
"1011",1011,"NJ","Montclair,",40.058324,-74.405661
"1012",1012,"GA","Atlanta,",32.157435,-82.907123
"1013",1013,NA,NA,NA,NA
"1014",1014,"NY","York,",43.299428,-74.217933
"1015",1015,"CA","Francisco,",36.778261,-119.417932
"1016",1016,"IL","Peoria,",40.633125,-89.398528
"1017",1017,"OH","Columbus,",40.417287,-82.907123
"1018",1018,"SD","Falls,",43.969515,-99.901813
"1019",1019,"NY","York,",43.299428,-74.217933
"1020",1020,"CA","Ramon,",36.778261,-119.417932
"1021",1021,NA,NA,NA,NA
"1022",1022,"NY","Valley,",43.299428,-74.217933
"1023",1023,"ME","Freeport,",45.253783,-69.445469
"1024",1024,"CO","Collins,",39.550051,-105.782067
"1025",1025,"MA","Boston,",42.407211,-71.382437
"1026",1026,"MS","replacing",32.354668,-89.398528
"1027",1027,"CA","Clara,",36.778261,-119.417932
"1028",1028,NA,NA,NA,NA
"1029",1029,"GA","Atlanta,",32.157435,-82.907123
"1030",1030,NA,NA,NA,NA
"1031",1031,NA,NA,NA,NA
"1032",1032,NA,NA,NA,NA
"1033",1033,"GA","Atlanta,",32.157435,-82.907123
"1034",1034,"MI","Dearborn,",44.314844,-85.602364
"1035",1035,NA,NA,NA,NA
"1036",1036,NA,NA,NA,NA
"1037",1037,"NC","Charlotte,",35.759573,-79.0193
"1038",1038,"MI","Buren,",44.314844,-85.602364
"1039",1039,"GA","A&.,",32.157435,-82.907123
"1040",1040,"CA","Francisco,",36.778261,-119.417932
"1041",1041,"CA","Ramon,",36.778261,-119.417932
"1042",1042,"VA","Alexandria,",37.431573,-78.656894
"1043",1043,"NJ","Brunswick,",40.058324,-74.405661
"1044",1044,"DE","Newark,",38.910832,-75.52767
"1045",1045,NA,NA,NA,NA
"1046",1046,"NY","Syracuse,",43.299428,-74.217933
"1047",1047,NA,NA,NA,NA
"1048",1048,NA,NA,NA,NA
"1049",1049,"CA","Dublin,",36.778261,-119.417932
"1050",1050,NA,NA,NA,NA
"1051",1051,NA,NA,NA,NA
"1052",1052,"MD","Rockville,",39.045755,-76.641271
"1053",1053,NA,NA,NA,NA
"1054",1054,NA,NA,NA,NA
"1055",1055,NA,NA,NA,NA
"1056",1056,"VA","Richmond,",37.431573,-78.656894
"1057",1057,"CA","Folsom,",36.778261,-119.417932
"1058",1058,"WA","Seattle,",47.751074,-120.740139
"1059",1059,"CA","Jose,",36.778261,-119.417932
"1060",1060,NA,NA,NA,NA
"1061",1061,"MI","Farms,",44.314844,-85.602364
"1062",1062,NA,NA,NA,NA
"1063",1063,"NC","Raleigh,",35.759573,-79.0193
"1064",1064,"NC","Cary,",35.759573,-79.0193
"1065",1065,NA,NA,NA,NA
"1066",1066,"CA","Francisco,",36.778261,-119.417932
"1067",1067,"GA","Atlanta,",32.157435,-82.907123
"1068",1068,"NJ","Union,",40.058324,-74.405661
"1069",1069,"MI","Flint,",44.314844,-85.602364
"1070",1070,NA,NA,NA,NA
"1071",1071,NA,NA,NA,NA
"1072",1072,NA,NA,NA,NA
"1073",1073,NA,NA,NA,NA
"1074",1074,NA,NA,NA,NA
"1075",1075,"MN","Prairie,",46.729553,-94.6859
"1076",1076,"GA","Atlanta,",32.157435,-82.907123
"1077",1077,NA,NA,NA,NA
"1078",1078,NA,NA,NA,NA
"1079",1079,"CA","Diego,",36.778261,-119.417932
"1080",1080,NA,NA,NA,NA
"1081",1081,"PA","Harrisburg,",41.203322,-77.194525
"1082",1082,"OH","London,",40.417287,-82.907123
"1083",1083,"PA","Erie,",41.203322,-77.194525
"1084",1084,"IL","Itasca,",40.633125,-89.398528
"1085",1085,NA,NA,NA,NA
"1086",1086,"CA","Beach,",36.778261,-119.417932
"1087",1087,"MS","and",32.354668,-89.398528
"1088",1088,"NY","York,",43.299428,-74.217933
"1089",1089,"NC","Morrisville,",35.759573,-79.0193
"1090",1090,NA,NA,NA,NA
"1091",1091,NA,NA,NA,NA
"1092",1092,NA,NA,NA,NA
"1093",1093,NA,NA,NA,NA
"1094",1094,"NY","York,",43.299428,-74.217933
"1095",1095,"IL","Chicago,",40.633125,-89.398528
"1096",1096,"FL","Raton,",27.664827,-81.515754
"1097",1097,NA,NA,NA,NA
"1098",1098,NA,NA,NA,NA
"1099",1099,"OH","Wpafb,",40.417287,-82.907123
"1100",1100,"CA","Diego,",36.778261,-119.417932
"1101",1101,"VA","Church,",37.431573,-78.656894
"1102",1102,"NJ","Well,",40.058324,-74.405661
"1103",1103,NA,NA,NA,NA
"1104",1104,NA,NA,NA,NA
"1105",1105,NA,NA,NA,NA
"1106",1106,"MA","Bedford,",42.407211,-71.382437
"1107",1107,"MD","Laurel,",39.045755,-76.641271
"1108",1108,"NY","Syracuse,",43.299428,-74.217933
"1109",1109,NA,NA,NA,NA
"1110",1110,"NY","York,",43.299428,-74.217933
"1111",1111,"MI","Rapids,",44.314844,-85.602364
"1112",1112,NA,NA,NA,NA
"1113",1113,NA,NA,NA,NA
"1114",1114,NA,NA,NA,NA
"1115",1115,NA,NA,NA,NA
"1116",1116,"NJ","Randolph,",40.058324,-74.405661
"1117",1117,"NJ","Warren,",40.058324,-74.405661
"1118",1118,NA,NA,NA,NA
"1119",1119,"MO","Columbia,",37.964253,-91.831833
"1120",1120,"WA","Redmond,",47.751074,-120.740139
"1121",1121,NA,NA,NA,NA
"1122",1122,"NY","York,",43.299428,-74.217933
"1123",1123,"OR","Corvallis,",43.804133,-120.554201
"1124",1124,NA,NA,NA,NA
"1125",1125,"AZ","Chandler,",34.048928,-111.093731
"1126",1126,NA,NA,NA,NA
"1127",1127,"CA","Diego,",36.778261,-119.417932
"1128",1128,"CA","Angeles,",36.778261,-119.417932
"1129",1129,"MN","Worthington,",46.729553,-94.6859
"1130",1130,"IA","Moines,",41.878003,-93.097702
"1131",1131,"WI","Madison,",43.78444,-88.787868
"1132",1132,NA,NA,NA,NA
"1133",1133,NA,NA,NA,NA
"1134",1134,NA,NA,NA,NA
"1135",1135,NA,NA,NA,NA
"1136",1136,"OR","Hillsboro,",43.804133,-120.554201
"1137",1137,"SC","Greenville,",33.836081,-81.163725
"1138",1138,NA,NA,NA,NA
"1139",1139,NA,NA,NA,NA
"1140",1140,NA,NA,NA,NA
"1141",1141,"MI","Livonia,",44.314844,-85.602364
"1142",1142,"NY","Corning,",43.299428,-74.217933
"1143",1143,"CA","Beach,",36.778261,-119.417932
"1144",1144,NA,NA,NA,NA
"1145",1145,NA,NA,NA,NA
"1146",1146,NA,NA,NA,NA
"1147",1147,"CA","Irvine,",36.778261,-119.417932
"1148",1148,"CA","Fremont,",36.778261,-119.417932
"1149",1149,"NJ","Leonia,",40.058324,-74.405661
"1150",1150,NA,NA,NA,NA
"1151",1151,"CA","Pasadena,",36.778261,-119.417932
"1152",1152,"OH","Akron,",40.417287,-82.907123
"1153",1153,"SD","MIL",43.969515,-99.901813
"1154",1154,NA,NA,NA,NA
"1155",1155,"MO","City,",37.964253,-91.831833
"1156",1156,NA,NA,NA,NA
"1157",1157,"WI","Madison,",43.78444,-88.787868
"1158",1158,"NC","Morrisville,",35.759573,-79.0193
"1159",1159,NA,NA,NA,NA
"1160",1160,"VA","Fairfax,",37.431573,-78.656894
"1161",1161,NA,NA,NA,NA
"1162",1162,NA,NA,NA,NA
"1163",1163,NA,NA,NA,NA
"1164",1164,NA,NA,NA,NA
"1165",1165,"CO","Lakewood,",39.550051,-105.782067
"1166",1166,NA,NA,NA,NA
"1167",1167,"GA","Atlanta,",32.157435,-82.907123
"1168",1168,NA,NA,NA,NA
"1169",1169,"NC","Raleigh,",35.759573,-79.0193
"1170",1170,NA,NA,NA,NA
"1171",1171,"CA","Irvine,",36.778261,-119.417932
"1172",1172,NA,NA,NA,NA
"1173",1173,"GA","Marietta,",32.157435,-82.907123
"1174",1174,NA,NA,NA,NA
"1175",1175,NA,NA,NA,NA
"1176",1176,"VA","Leesburg,",37.431573,-78.656894
"1177",1177,NA,NA,NA,NA
"1178",1178,"NH","Auburn,",43.193852,-71.572395
"1179",1179,"AZ","empe,",34.048928,-111.093731
"1180",1180,"MA","Boston,",42.407211,-71.382437
"1181",1181,NA,NA,NA,NA
"1182",1182,"GA","Milledgeville,",32.157435,-82.907123
"1183",1183,"CA","Francisco,",36.778261,-119.417932
"1184",1184,"MD","Baltimore,",39.045755,-76.641271
"1185",1185,NA,NA,NA,NA
"1186",1186,"WA","Lake,",47.751074,-120.740139
"1187",1187,"MD","Bethesda,",39.045755,-76.641271
"1188",1188,NA,NA,NA,NA
"1189",1189,"GA","Atlanta,",32.157435,-82.907123
"1190",1190,"MA","Hopkinton,",42.407211,-71.382437
"1191",1191,"NC","Charlotte,",35.759573,-79.0193
"1192",1192,NA,NA,NA,NA
"1193",1193,NA,NA,NA,NA
"1194",1194,NA,NA,NA,NA
"1195",1195,"FL","Beach,",27.664827,-81.515754
"1196",1196,NA,NA,NA,NA
"1197",1197,"CA","Sacramento,",36.778261,-119.417932
"1198",1198,"MS","in",32.354668,-89.398528
"1199",1199,"MD","Greenbelt,",39.045755,-76.641271
"1200",1200,"MN","Minneapolis,",46.729553,-94.6859
"1201",1201,"CA","Bernardo,",36.778261,-119.417932
"1202",1202,"WI","Crosse,",43.78444,-88.787868
"1203",1203,"CA","Camarillo,",36.778261,-119.417932
"1204",1204,NA,NA,NA,NA
"1205",1205,"CA","Jose,",36.778261,-119.417932
"1206",1206,NA,NA,NA,NA
"1207",1207,"AZ","Phoenix,",34.048928,-111.093731
"1208",1208,"CA","Sunnyvale,",36.778261,-119.417932
"1209",1209,"CA","Sacramento,",36.778261,-119.417932
"1210",1210,"IN","Lafayette,",40.551217,-85.602364
"1211",1211,"MS","SQL",32.354668,-89.398528
"1212",1212,"NC","Lenoir,",35.759573,-79.0193
"1213",1213,NA,NA,NA,NA
"1214",1214,"CO","Lakewood,",39.550051,-105.782067
"1215",1215,NA,NA,NA,NA
"1216",1216,"IL","Bridgeview,",40.633125,-89.398528
"1217",1217,NA,NA,NA,NA
"1218",1218,"NY","York,",43.299428,-74.217933
"1219",1219,"MS","client",32.354668,-89.398528
"1220",1220,"NY","Syracuse,",43.299428,-74.217933
"1221",1221,NA,NA,NA,NA
"1222",1222,NA,NA,NA,NA
"1223",1223,NA,NA,NA,NA
"1224",1224,"IL","Moline,",40.633125,-89.398528
"1225",1225,"MI","Flint,",44.314844,-85.602364
"1226",1226,"NC","Charlotte,",35.759573,-79.0193
"1227",1227,"NJ","Pennsauken,",40.058324,-74.405661
"1228",1228,NA,NA,NA,NA
"1229",1229,"CA","Francisco,",36.778261,-119.417932
"1230",1230,"CO","Springs,",39.550051,-105.782067
"1231",1231,NA,NA,NA,NA
"1232",1232,"CA","Diego,",36.778261,-119.417932
"1233",1233,NA,NA,NA,NA
"1234",1234,"CA","Downey,",36.778261,-119.417932
"1235",1235,"GA","Atlanta,",32.157435,-82.907123
"1236",1236,"MD","Greenbelt,",39.045755,-76.641271
"1237",1237,"CA","City,",36.778261,-119.417932
"1238",1238,"WI","Madison,",43.78444,-88.787868
"1239",1239,NA,NA,NA,NA
"1240",1240,"NY","Canton,",43.299428,-74.217933
"1241",1241,"CO","Collins,",39.550051,-105.782067
"1242",1242,NA,NA,NA,NA
"1243",1243,"MS","J-Grasp,",32.354668,-89.398528
"1244",1244,NA,NA,NA,NA
"1245",1245,NA,NA,NA,NA
"1246",1246,"NY","Rochester,",43.299428,-74.217933
"1247",1247,NA,NA,NA,NA
"1248",1248,"CA","Diego,",36.778261,-119.417932
"1249",1249,NA,NA,NA,NA
"1250",1250,"CA","Irvine,",36.778261,-119.417932
"1251",1251,"NH","Manchester,",43.193852,-71.572395
"1252",1252,"NY","York,",43.299428,-74.217933
"1253",1253,"OR","Grove,",43.804133,-120.554201
"1254",1254,"MI","Detroit,",44.314844,-85.602364
"1255",1255,"MI","Detroit,",44.314844,-85.602364
"1256",1256,NA,NA,NA,NA
"1257",1257,"CA","Hayward,",36.778261,-119.417932
"1258",1258,NA,NA,NA,NA
"1259",1259,NA,NA,NA,NA
"1260",1260,"MO","Cuba,",37.964253,-91.831833
"1261",1261,"GA","Atlanta,",32.157435,-82.907123
"1262",1262,"CO","Longmot",39.550051,-105.782067
"1263",1263,NA,NA,NA,NA
"1264",1264,NA,NA,NA,NA
"1265",1265,NA,NA,NA,NA
"1266",1266,"CA","View,",36.778261,-119.417932
"1267",1267,"VA","Stafford,",37.431573,-78.656894
"1268",1268,"CA","Francisco,",36.778261,-119.417932
"1269",1269,NA,NA,NA,NA
"1270",1270,"OR","Beaverton,",43.804133,-120.554201
"1271",1271,"PA","Philadelphia,",41.203322,-77.194525
"1272",1272,"NY","Ferry,",43.299428,-74.217933
"1273",1273,NA,NA,NA,NA
"1274",1274,NA,NA,NA,NA
"1275",1275,NA,NA,NA,NA
"1276",1276,"IL","Chicago,",40.633125,-89.398528
"1277",1277,"MA","Boston,",42.407211,-71.382437
"1278",1278,"CA","Alto,",36.778261,-119.417932
"1279",1279,NA,NA,NA,NA
"1280",1280,NA,NA,NA,NA
"1281",1281,"OR","Portland,",43.804133,-120.554201
"1282",1282,NA,NA,NA,NA
"1283",1283,"CA","Hills,",36.778261,-119.417932
"1284",1284,NA,NA,NA,NA
"1285",1285,NA,NA,NA,NA
"1286",1286,NA,NA,NA,NA
"1287",1287,"ID","Boise,",44.068202,-114.742041
"1288",1288,"NC","Charlotte,",35.759573,-79.0193
"1289",1289,NA,NA,NA,NA
"1290",1290,"MI","Lansing,",44.314844,-85.602364
"1291",1291,NA,NA,NA,NA
"1292",1292,"MN","Paul,",46.729553,-94.6859
"1293",1293,"GA","Woodstock,",32.157435,-82.907123
"1294",1294,"VA","Arlington,",37.431573,-78.656894
"1295",1295,NA,NA,NA,NA
"1296",1296,NA,NA,NA,NA
"1297",1297,NA,NA,NA,NA
"1298",1298,"FL","ampa,",27.664827,-81.515754
"1299",1299,"NY","York,",43.299428,-74.217933
"1300",1300,"MD","Linthicum,",39.045755,-76.641271
"1301",1301,"IN","Webster,",40.551217,-85.602364
"1302",1302,NA,NA,NA,NA
"1303",1303,"FL","ampa,",27.664827,-81.515754
"1304",1304,"AZ","Phoenix,",34.048928,-111.093731
"1305",1305,NA,NA,NA,NA
"1306",1306,"CA","Emeryville,",36.778261,-119.417932
"1307",1307,NA,NA,NA,NA
"1308",1308,"NC","Cary,",35.759573,-79.0193
"1309",1309,"NC","Raleigh,",35.759573,-79.0193
"1310",1310,"CA","Diego,",36.778261,-119.417932
"1311",1311,"FL","Doral,",27.664827,-81.515754
"1312",1312,NA,NA,NA,NA
"1313",1313,NA,NA,NA,NA
"1314",1314,NA,NA,NA,NA
"1315",1315,"CA","Sunnyvale,",36.778261,-119.417932
"1316",1316,"WI","Lead",43.78444,-88.787868
"1317",1317,"CA","Angeles,",36.778261,-119.417932
"1318",1318,"NY","York,",43.299428,-74.217933
"1319",1319,NA,NA,NA,NA
"1320",1320,"PA","Chester,",41.203322,-77.194525
"1321",1321,"GA","Atlanta,",32.157435,-82.907123
"1322",1322,NA,NA,NA,NA
"1323",1323,"WA","Seattle,",47.751074,-120.740139
"1324",1324,NA,NA,NA,NA
"1325",1325,NA,NA,NA,NA
"1326",1326,NA,NA,NA,NA
"1327",1327,"GA","Lawrenceville,",32.157435,-82.907123
"1328",1328,"CA","Perris,",36.778261,-119.417932
"1329",1329,"VA","Charlottesville,",37.431573,-78.656894
"1330",1330,"NY","York,",43.299428,-74.217933
"1331",1331,NA,NA,NA,NA
"1332",1332,"VA","Norfolk,",37.431573,-78.656894
"1333",1333,"WA","Seattle,",47.751074,-120.740139
"1334",1334,"FL","Station,",27.664827,-81.515754
"1335",1335,"CA","View,",36.778261,-119.417932
"1336",1336,NA,NA,NA,NA
"1337",1337,"MS","to",32.354668,-89.398528
"1338",1338,"CA","Francisco,",36.778261,-119.417932
"1339",1339,NA,NA,NA,NA
"1340",1340,"CA","Sunnyvale,",36.778261,-119.417932
"1341",1341,"CA","Francisco,",36.778261,-119.417932
"1342",1342,"NJ","City,",40.058324,-74.405661
"1343",1343,"IL","Chicago,",40.633125,-89.398528
"1344",1344,"CA","Francisco,",36.778261,-119.417932
"1345",1345,"OR","Portland,",43.804133,-120.554201
"1346",1346,NA,NA,NA,NA
"1347",1347,"NV","Zappos,",38.80261,-116.419389
"1348",1348,NA,NA,NA,NA
"1349",1349,"CA","View,",36.778261,-119.417932
"1350",1350,"CA","Clara,",36.778261,-119.417932
"1351",1351,"NC","Charlotte,",35.759573,-79.0193
"1352",1352,NA,NA,NA,NA
"1353",1353,"NJ","Livingston,",40.058324,-74.405661
"1354",1354,"CA","Diego,",36.778261,-119.417932
"1355",1355,"WA","Seattle,",47.751074,-120.740139
"1356",1356,NA,NA,NA,NA
"1357",1357,NA,NA,NA,NA
"1358",1358,"NJ","Wayne,",40.058324,-74.405661
"1359",1359,NA,NA,NA,NA
"1360",1360,NA,NA,NA,NA
"1361",1361,"GA","Atlanta,",32.157435,-82.907123
"1362",1362,"NY","Armonk,",43.299428,-74.217933
"1363",1363,NA,NA,NA,NA
"1364",1364,"CA","Alto,",36.778261,-119.417932
"1365",1365,NA,NA,NA,NA
"1366",1366,"GA","Atlanta,",32.157435,-82.907123
"1367",1367,"CA","Pasadena,",36.778261,-119.417932
"1368",1368,"IA","Coralville,",41.878003,-93.097702
"1369",1369,NA,NA,NA,NA
"1370",1370,NA,NA,NA,NA
"1371",1371,NA,NA,NA,NA
"1372",1372,"AZ","ucson,",34.048928,-111.093731
"1373",1373,NA,NA,NA,NA
"1374",1374,"NY","York,",43.299428,-74.217933
"1375",1375,"RI","Kingston,",41.580095,-71.477429
"1376",1376,"SC","Greenville,",33.836081,-81.163725
"1377",1377,"NJ","Hill,",40.058324,-74.405661
"1378",1378,"IN","Gujarat,",40.551217,-85.602364
"1379",1379,NA,NA,NA,NA
"1380",1380,"CA","Francisco,",36.778261,-119.417932
"1381",1381,NA,NA,NA,NA
"1382",1382,"MA","Cambridge,",42.407211,-71.382437
"1383",1383,"MN","Eagan,",46.729553,-94.6859
"1384",1384,NA,NA,NA,NA
"1385",1385,"NC","Durham,",35.759573,-79.0193
"1386",1386,NA,NA,NA,NA
"1387",1387,"CO","Golden,",39.550051,-105.782067
"1388",1388,NA,NA,NA,NA
"1389",1389,NA,NA,NA,NA
"1390",1390,"VA","McLean,",37.431573,-78.656894
"1391",1391,NA,NA,NA,NA
"1392",1392,"WA","Ellensburg,",47.751074,-120.740139
"1393",1393,"NY","Buffalo,",43.299428,-74.217933
"1394",1394,NA,NA,NA,NA
"1395",1395,"WA","Redmond,",47.751074,-120.740139
"1396",1396,NA,NA,NA,NA
"1397",1397,"CA","View,",36.778261,-119.417932
"1398",1398,NA,NA,NA,NA
"1399",1399,"KY","Richmond,",37.839333,-84.270018
"1400",1400,"NC","Raleigh,",35.759573,-79.0193
"1401",1401,"OH","Cincinnati,",40.417287,-82.907123
"1402",1402,"NE","Omaha,",41.492537,-99.901813
"1403",1403,NA,NA,NA,NA
"1404",1404,"CO","Aurora,",39.550051,-105.782067
"1405",1405,NA,NA,NA,NA
"1406",1406,"PA","Indiana,",41.203322,-77.194525
"1407",1407,"ID","spinal",44.068202,-114.742041
"1408",1408,"NM","Cruces,",34.97273,-105.032363
"1409",1409,"CO","Springs,",39.550051,-105.782067
"1410",1410,"MA","Boston,",42.407211,-71.382437
"1411",1411,"NY","York,",43.299428,-74.217933
"1412",1412,"NY","York,",43.299428,-74.217933
"1413",1413,NA,NA,NA,NA
"1414",1414,"NY","York,",43.299428,-74.217933
"1415",1415,"NY","York,",43.299428,-74.217933
"1416",1416,"MA","Waltham,",42.407211,-71.382437
"1417",1417,NA,NA,NA,NA
"1418",1418,"NY","Brooklyn,",43.299428,-74.217933
"1419",1419,NA,NA,NA,NA
"1420",1420,"PA","Pittsburgh,",41.203322,-77.194525
"1421",1421,"NJ","Princeton,",40.058324,-74.405661
"1422",1422,"CA","Alameda,",36.778261,-119.417932
"1423",1423,NA,NA,NA,NA
"1424",1424,"NC","Charlotte,",35.759573,-79.0193
"1425",1425,NA,NA,NA,NA
"1426",1426,NA,NA,NA,NA
"1427",1427,NA,NA,NA,NA
"1428",1428,"CA","Sunnyvale,",36.778261,-119.417932
"1429",1429,"MI","Arbor,",44.314844,-85.602364
"1430",1430,"CO","Collins,",39.550051,-105.782067
"1431",1431,"PA","Philadelphia,",41.203322,-77.194525
"1432",1432,NA,NA,NA,NA
"1433",1433,NA,NA,NA,NA
"1434",1434,"VA","Manassas,",37.431573,-78.656894
"1435",1435,NA,NA,NA,NA
"1436",1436,"FL","Springs,",27.664827,-81.515754
"1437",1437,NA,NA,NA,NA
"1438",1438,NA,NA,NA,NA
"1439",1439,NA,NA,NA,NA
"1440",1440,"NC","Charlotte,",35.759573,-79.0193
"1441",1441,"CA","Diego,",36.778261,-119.417932
"1442",1442,"FL","Beach,",27.664827,-81.515754
"1443",1443,"CA","City,",36.778261,-119.417932
"1444",1444,NA,NA,NA,NA
"1445",1445,NA,NA,NA,NA
"1446",1446,"CA","Francisco,",36.778261,-119.417932
"1447",1447,NA,NA,NA,NA
"1448",1448,NA,NA,NA,NA
"1449",1449,NA,NA,NA,NA
"1450",1450,"CA","Irvine,",36.778261,-119.417932
"1451",1451,"NE","Valley,",41.492537,-99.901813
"1452",1452,"GA","Atlanta,",32.157435,-82.907123
"1453",1453,NA,NA,NA,NA
"1454",1454,"VA","Deloitte,",37.431573,-78.656894
"1455",1455,"MS","VB6Applications",32.354668,-89.398528
"1456",1456,NA,NA,NA,NA
"1457",1457,"AL","Birmingham,",32.318231,-86.902298
"1458",1458,NA,NA,NA,NA
"1459",1459,NA,NA,NA,NA
"1460",1460,"NY","Utica,",43.299428,-74.217933
"1461",1461,NA,NA,NA,NA
"1462",1462,NA,NA,NA,NA
"1463",1463,NA,NA,NA,NA
"1464",1464,NA,NA,NA,NA
"1465",1465,NA,NA,NA,NA
"1466",1466,"CA","Jose,",36.778261,-119.417932
"1467",1467,"PA","Hill,",41.203322,-77.194525
"1468",1468,"CA","Jose,",36.778261,-119.417932
"1469",1469,"PA","Lewisburg,",41.203322,-77.194525
"1470",1470,"PA","Pittsburgh,",41.203322,-77.194525
"1471",1471,"NJ","Weehawken,",40.058324,-74.405661
"1472",1472,"WA","Seattle,",47.751074,-120.740139
"1473",1473,NA,NA,NA,NA
"1474",1474,"CA","Angeles,",36.778261,-119.417932
"1475",1475,"AZ","Phoenix,",34.048928,-111.093731
"1476",1476,"AR","Paragould,",35.20105,-91.831833
"1477",1477,NA,NA,NA,NA
"1478",1478,"NY","York,",43.299428,-74.217933
"1479",1479,"MD","Hanover,",39.045755,-76.641271
"1480",1480,"NH","Portsmouth,",43.193852,-71.572395
"1481",1481,"NJ","Newark,",40.058324,-74.405661
"1482",1482,"MO","City,",37.964253,-91.831833
"1483",1483,"OH","Columbus,",40.417287,-82.907123
"1484",1484,"MI","Clinton,",44.314844,-85.602364
"1485",1485,"NY","York,",43.299428,-74.217933
"1486",1486,NA,NA,NA,NA
"1487",1487,NA,NA,NA,NA
"1488",1488,"NY","York,",43.299428,-74.217933
"1489",1489,"CA","Sunnyvale,",36.778261,-119.417932
"1490",1490,NA,NA,NA,NA
"1491",1491,NA,NA,NA,NA
"1492",1492,NA,NA,NA,NA
"1493",1493,NA,NA,NA,NA
"1494",1494,"FL","Lauderdale,",27.664827,-81.515754
"1495",1495,"MI","Detroit,",44.314844,-85.602364
"1496",1496,NA,NA,NA,NA
"1497",1497,NA,NA,NA,NA
"1498",1498,NA,NA,NA,NA
"1499",1499,NA,NA,NA,NA
"1500",1500,"CA","Jose,",36.778261,-119.417932
"1501",1501,NA,NA,NA,NA
"1502",1502,"CO","Jose,",39.550051,-105.782067
"1503",1503,"DE","Wilmington,",38.910832,-75.52767
"1504",1504,"VA","McLean,",37.431573,-78.656894
"1505",1505,"IL","Chicago,",40.633125,-89.398528
"1506",1506,NA,NA,NA,NA
"1507",1507,"GA","Atlanta,",32.157435,-82.907123
"1508",1508,NA,NA,NA,NA
"1509",1509,NA,NA,NA,NA
"1510",1510,"CA","Cupertino,",36.778261,-119.417932
"1511",1511,NA,NA,NA,NA
"1512",1512,NA,NA,NA,NA
"1513",1513,"CA","Angeles,",36.778261,-119.417932
"1514",1514,"GA","Griffin,",32.157435,-82.907123
"1515",1515,NA,NA,NA,NA
"1516",1516,"VA","Richmond,",37.431573,-78.656894
"1517",1517,"NY","Kingston,",43.299428,-74.217933
"1518",1518,"OH","Wpafb,",40.417287,-82.907123
"1519",1519,"GA","Alpharetta,",32.157435,-82.907123
"1520",1520,NA,NA,NA,NA
"1521",1521,"CA","Mateo,",36.778261,-119.417932
"1522",1522,NA,NA,NA,NA
"1523",1523,NA,NA,NA,NA
"1524",1524,"GA","Valdosta,",32.157435,-82.907123
"1525",1525,"IA","Ankeny,",41.878003,-93.097702
"1526",1526,"NC","Raleigh,",35.759573,-79.0193
"1527",1527,NA,NA,NA,NA
"1528",1528,"IL","Chicago,",40.633125,-89.398528
"1529",1529,NA,NA,NA,NA
"1530",1530,"MA","Boston,",42.407211,-71.382437
"1531",1531,NA,NA,NA,NA
"1532",1532,"FL","Beach,",27.664827,-81.515754
"1533",1533,"MS","-",32.354668,-89.398528
"1534",1534,NA,NA,NA,NA
"1535",1535,"WI","Madison,",43.78444,-88.787868
"1536",1536,NA,NA,NA,NA
"1537",1537,"SC","Aiken,",33.836081,-81.163725
"1538",1538,"NY","Manhattan,",43.299428,-74.217933
"1539",1539,NA,NA,NA,NA
"1540",1540,"CA","View,",36.778261,-119.417932
"1541",1541,"MN","Minneapolis,",46.729553,-94.6859
"1542",1542,NA,NA,NA,NA
"1543",1543,NA,NA,NA,NA
"1544",1544,NA,NA,NA,NA
"1545",1545,NA,NA,NA,NA
"1546",1546,"NY","Albany,",43.299428,-74.217933
"1547",1547,"IL","Chicago,",40.633125,-89.398528
"1548",1548,"CA","Jose,",36.778261,-119.417932
"1549",1549,"CA","Altos,",36.778261,-119.417932
"1550",1550,"GA","Woodstock,",32.157435,-82.907123
"1551",1551,NA,NA,NA,NA
"1552",1552,"PA","Moosic,",41.203322,-77.194525
"1553",1553,NA,NA,NA,NA
"1554",1554,"IL","Chicago,",40.633125,-89.398528
"1555",1555,"NJ","Princeton,",40.058324,-74.405661
"1556",1556,"MS","Applications:",32.354668,-89.398528
"1557",1557,"NY","Albany,",43.299428,-74.217933
"1558",1558,"CA","Irvine,",36.778261,-119.417932
"1559",1559,"CA","Pleasanton,",36.778261,-119.417932
"1560",1560,"CA","Duarte,",36.778261,-119.417932
"1561",1561,"NC","Hill,",35.759573,-79.0193
"1562",1562,NA,NA,NA,NA
"1563",1563,"CA","Stanton,",36.778261,-119.417932
"1564",1564,NA,NA,NA,NA
"1565",1565,NA,NA,NA,NA
"1566",1566,"CA","City,",36.778261,-119.417932
"1567",1567,"NY","Hudson,",43.299428,-74.217933
"1568",1568,"NY","York,",43.299428,-74.217933
"1569",1569,"WA","Bellevue,",47.751074,-120.740139
"1570",1570,"DC","Washington,",38.905985,-77.033418
"1571",1571,"VA","Church,",37.431573,-78.656894
"1572",1572,"NJ","Hoboken,",40.058324,-74.405661
"1573",1573,NA,NA,NA,NA
"1574",1574,"AR","Bentonville,",35.20105,-91.831833
"1575",1575,"IL","Chicago,",40.633125,-89.398528
"1576",1576,"IL","Chicago,",40.633125,-89.398528
"1577",1577,NA,NA,NA,NA
"1578",1578,"MI","Saginaw,",44.314844,-85.602364
"1579",1579,NA,NA,NA,NA
"1580",1580,"VA","Richmond,",37.431573,-78.656894
"1581",1581,"VA","Developer",37.431573,-78.656894
"1582",1582,NA,NA,NA,NA
"1583",1583,"WA","Seattle,",47.751074,-120.740139
"1584",1584,"GA","Valdosta,",32.157435,-82.907123
"1585",1585,"OR","Portland,",43.804133,-120.554201
"1586",1586,"OH","Columbus,",40.417287,-82.907123
"1587",1587,NA,NA,NA,NA
"1588",1588,NA,NA,NA,NA
"1589",1589,NA,NA,NA,NA
"1590",1590,NA,NA,NA,NA
"1591",1591,"IL","Chicago,",40.633125,-89.398528
"1592",1592,NA,NA,NA,NA
"1593",1593,"CA","Beach,",36.778261,-119.417932
"1594",1594,"CA","Johannesburg,",36.778261,-119.417932
"1595",1595,"MA","Boston,",42.407211,-71.382437
"1596",1596,"NJ","Princeton,",40.058324,-74.405661
"1597",1597,"CA","Diego,",36.778261,-119.417932
"1598",1598,"LA","Lacombe,",31.244823,-92.145024
"1599",1599,NA,NA,NA,NA
"1600",1600,"FL","Orlando,",27.664827,-81.515754
"1601",1601,"FL","Sarasota,",27.664827,-81.515754
"1602",1602,"CA","Francisco,",36.778261,-119.417932
"1603",1603,"CA","Redlands,",36.778261,-119.417932
"1604",1604,"PA","Canonsburg,",41.203322,-77.194525
"1605",1605,"MN","Minneapolis,",46.729553,-94.6859
"1606",1606,"CA","Irvine,",36.778261,-119.417932
"1607",1607,"NY","York,",43.299428,-74.217933
"1608",1608,"NC","Durham,",35.759573,-79.0193
"1609",1609,"FL","Jacksonville,",27.664827,-81.515754
"1610",1610,NA,NA,NA,NA
"1611",1611,"NY","York,",43.299428,-74.217933
"1612",1612,"CA","Diego,",36.778261,-119.417932
"1613",1613,"NY","York,",43.299428,-74.217933
"1614",1614,NA,NA,NA,NA
"1615",1615,"IL","Bolingbrook,",40.633125,-89.398528
"1616",1616,"CA","Clara,",36.778261,-119.417932
"1617",1617,NA,NA,NA,NA
"1618",1618,"WI","Madison,",43.78444,-88.787868
"1619",1619,"NY","York,",43.299428,-74.217933
"1620",1620,"IL","Chicago,",40.633125,-89.398528
"1621",1621,"AZ","Phoenix,",34.048928,-111.093731
"1622",1622,NA,NA,NA,NA
"1623",1623,"CA","Fremont,",36.778261,-119.417932
"1624",1624,"IN","Camel,",40.551217,-85.602364
"1625",1625,NA,NA,NA,NA
"1626",1626,"MA","Boston,",42.407211,-71.382437
"1627",1627,NA,NA,NA,NA
"1628",1628,"OK","ulsa,",35.007752,-97.092877
"1629",1629,"MI","Arbor,",44.314844,-85.602364
"1630",1630,NA,NA,NA,NA
"1631",1631,"FL","Petersburg,",27.664827,-81.515754
"1632",1632,NA,NA,NA,NA
"1633",1633,"MA","Cambridge,",42.407211,-71.382437
"1634",1634,NA,NA,NA,NA
"1635",1635,"MD","imonium,",39.045755,-76.641271
"1636",1636,"IA","Moines,",41.878003,-93.097702
"1637",1637,NA,NA,NA,NA
"1638",1638,NA,NA,NA,NA
"1639",1639,"SC","Greenville,",33.836081,-81.163725
"1640",1640,NA,NA,NA,NA
"1641",1641,"NY","Ithaca,",43.299428,-74.217933
"1642",1642,"MA","Boston,",42.407211,-71.382437
"1643",1643,"MA","Waltham,",42.407211,-71.382437
"1644",1644,"VA","Arlington,",37.431573,-78.656894
"1645",1645,"NY","York,",43.299428,-74.217933
"1646",1646,"MO","Branson,",37.964253,-91.831833
"1647",1647,"OR","Portland,",43.804133,-120.554201
"1648",1648,"KS","Lenexa,",39.011902,-98.484246
"1649",1649,"NC","Raleigh,",35.759573,-79.0193
"1650",1650,"CA","Francisco,",36.778261,-119.417932
"1651",1651,"NJ","City,",40.058324,-74.405661
"1652",1652,NA,NA,NA,NA
"1653",1653,"NM","Alamos,",34.97273,-105.032363
"1654",1654,"DC","Washington,",38.905985,-77.033418
"1655",1655,NA,NA,NA,NA
"1656",1656,"IL","Chicago,",40.633125,-89.398528
"1657",1657,NA,NA,NA,NA
"1658",1658,"CA","Redlands,",36.778261,-119.417932
"1659",1659,NA,NA,NA,NA
"1660",1660,"MA","Burlington,",42.407211,-71.382437
"1661",1661,"NY","Rochester,",43.299428,-74.217933
"1662",1662,"CA","Angeles,",36.778261,-119.417932
"1663",1663,NA,NA,NA,NA
"1664",1664,NA,NA,NA,NA
"1665",1665,"NJ","Brunswick,",40.058324,-74.405661
"1666",1666,NA,NA,NA,NA
"1667",1667,"NY","Syracuse,",43.299428,-74.217933
"1668",1668,"OH","oledo,",40.417287,-82.907123
"1669",1669,"IA","the",41.878003,-93.097702
"1670",1670,"NJ","Wireless,",40.058324,-74.405661
"1671",1671,"FL","Bay,",27.664827,-81.515754
"1672",1672,NA,NA,NA,NA
"1673",1673,NA,NA,NA,NA
"1674",1674,"CO","Englewood,",39.550051,-105.782067
"1675",1675,"FL","Orlando,",27.664827,-81.515754
"1676",1676,NA,NA,NA,NA
"1677",1677,NA,NA,NA,NA
"1678",1678,"MI","Arbor,",44.314844,-85.602364
"1679",1679,"CA","Cruz,",36.778261,-119.417932
"1680",1680,"MA","Boston,",42.407211,-71.382437
"1681",1681,"CA","emecula,",36.778261,-119.417932
"1682",1682,NA,NA,NA,NA
"1683",1683,"MA","Lowell,",42.407211,-71.382437
"1684",1684,"WA","Seattle,",47.751074,-120.740139
"1685",1685,NA,NA,NA,NA
"1686",1686,NA,NA,NA,NA
"1687",1687,NA,NA,NA,NA
"1688",1688,NA,NA,NA,NA
"1689",1689,"MD","and",39.045755,-76.641271
"1690",1690,"FL","Orlando,",27.664827,-81.515754
"1691",1691,NA,NA,NA,NA
"1692",1692,NA,NA,NA,NA
"1693",1693,"CA","Burbank,",36.778261,-119.417932
"1694",1694,"NY","York,",43.299428,-74.217933
"1695",1695,"PA","Bell,",41.203322,-77.194525
"1696",1696,"VA","Christiansburg,",37.431573,-78.656894
"1697",1697,NA,NA,NA,NA
"1698",1698,"NY","Hill,",43.299428,-74.217933
"1699",1699,NA,NA,NA,NA
"1700",1700,"LA","Zachary,",31.244823,-92.145024
"1701",1701,"CA","Francisco,",36.778261,-119.417932
"1702",1702,NA,NA,NA,NA
"1703",1703,"GA","Atlanta,",32.157435,-82.907123
"1704",1704,NA,NA,NA,NA
"1705",1705,"MD","Columbia,",39.045755,-76.641271
"1706",1706,"PA","Middletown,",41.203322,-77.194525
"1707",1707,"OR","Portland,",43.804133,-120.554201
"1708",1708,NA,NA,NA,NA
"1709",1709,NA,NA,NA,NA
"1710",1710,"RI","Providence,",41.580095,-71.477429
"1711",1711,"GA","Alpharetta,",32.157435,-82.907123
"1712",1712,"NJ","Park,",40.058324,-74.405661
"1713",1713,"PA","Easton,",41.203322,-77.194525
"1714",1714,"NY","York,",43.299428,-74.217933
"1715",1715,NA,NA,NA,NA
"1716",1716,"CA","Park,",36.778261,-119.417932
"1717",1717,"ME","China,",45.253783,-69.445469
"1718",1718,"CA","Alto,",36.778261,-119.417932
"1719",1719,"OR","Salem,",43.804133,-120.554201
"1720",1720,NA,NA,NA,NA
"1721",1721,"MS","in",32.354668,-89.398528
"1722",1722,"NY","York,",43.299428,-74.217933
"1723",1723,"MO","Louis,",37.964253,-91.831833
"1724",1724,"MA","Marlborough,",42.407211,-71.382437
"1725",1725,"IN","-",40.551217,-85.602364
"1726",1726,"NY","York,",43.299428,-74.217933
"1727",1727,NA,NA,NA,NA
"1728",1728,"CA","Cupertino,",36.778261,-119.417932
"1729",1729,NA,NA,NA,NA
"1730",1730,NA,NA,NA,NA
"1731",1731,NA,NA,NA,NA
"1732",1732,NA,NA,NA,NA
"1733",1733,"VA","McLean,",37.431573,-78.656894
"1734",1734,NA,NA,NA,NA
"1735",1735,NA,NA,NA,NA
"1736",1736,"KS","Wichita,",39.011902,-98.484246
"1737",1737,"VA","Herndon,",37.431573,-78.656894
"1738",1738,"MA","Boston,",42.407211,-71.382437
"1739",1739,"CA","Diego,",36.778261,-119.417932
"1740",1740,"IL","Chicago,",40.633125,-89.398528
"1741",1741,NA,NA,NA,NA
"1742",1742,"IA","Moines,",41.878003,-93.097702
"1743",1743,NA,NA,NA,NA
"1744",1744,NA,NA,NA,NA
"1745",1745,NA,NA,NA,NA
"1746",1746,NA,NA,NA,NA
"1747",1747,NA,NA,NA,NA
"1748",1748,"IA","City,",41.878003,-93.097702
"1749",1749,"FL","Jacksonville,",27.664827,-81.515754
"1750",1750,"NY","Ithaca,",43.299428,-74.217933
"1751",1751,NA,NA,NA,NA
"1752",1752,"MA","Boston,",42.407211,-71.382437
"1753",1753,"ID","Intern",44.068202,-114.742041
"1754",1754,"GA","Stockbridge,",32.157435,-82.907123
"1755",1755,"CA","Campbell,",36.778261,-119.417932
"1756",1756,"CA","Sunnyvale,",36.778261,-119.417932
"1757",1757,"CA","Francisco,",36.778261,-119.417932
"1758",1758,"CA","Jose,",36.778261,-119.417932
"1759",1759,"MA","Boston,",42.407211,-71.382437
"1760",1760,NA,NA,NA,NA
"1761",1761,"IL","Naperville,",40.633125,-89.398528
"1762",1762,"NJ","Conferencing,",40.058324,-74.405661
"1763",1763,NA,NA,NA,NA
"1764",1764,"CA","Jose,",36.778261,-119.417932
"1765",1765,NA,NA,NA,NA
"1766",1766,NA,NA,NA,NA
"1767",1767,NA,NA,NA,NA
"1768",1768,"CA","Diego,",36.778261,-119.417932
"1769",1769,NA,NA,NA,NA
"1770",1770,"PA","Philadelphia,",41.203322,-77.194525
"1771",1771,"CA","Diego,",36.778261,-119.417932
"1772",1772,NA,NA,NA,NA
"1773",1773,NA,NA,NA,NA
"1774",1774,NA,NA,NA,NA
"1775",1775,"MD","Hanover,",39.045755,-76.641271
"1776",1776,"NY","Brook,",43.299428,-74.217933
"1777",1777,"NY","York,",43.299428,-74.217933
"1778",1778,NA,NA,NA,NA
"1779",1779,"NY","Paribas,",43.299428,-74.217933
"1780",1780,"GA","Atlanta,",32.157435,-82.907123
"1781",1781,NA,NA,NA,NA
"1782",1782,NA,NA,NA,NA
"1783",1783,"MS","using",32.354668,-89.398528
"1784",1784,"OH","Dayton,",40.417287,-82.907123
"1785",1785,NA,NA,NA,NA
"1786",1786,"MS","8,",32.354668,-89.398528
"1787",1787,"IL","Chicago,",40.633125,-89.398528
"1788",1788,"CA","Mesa,",36.778261,-119.417932
"1789",1789,"CA","Fremont,",36.778261,-119.417932
"1790",1790,NA,NA,NA,NA
"1791",1791,"IL","Chicago,",40.633125,-89.398528
"1792",1792,"IN","Indianapolis,",40.551217,-85.602364
"1793",1793,"MN","Minneapolis,",46.729553,-94.6859
"1794",1794,"PA","Pittsburgh,",41.203322,-77.194525
"1795",1795,"NJ","Bank,",40.058324,-74.405661
"1796",1796,"MD","Bowie,",39.045755,-76.641271
"1797",1797,"MN","Prairie,",46.729553,-94.6859
"1798",1798,NA,NA,NA,NA
"1799",1799,"NY","Brooklyn,",43.299428,-74.217933
"1800",1800,NA,NA,NA,NA
"1801",1801,"AZ","empe,",34.048928,-111.093731
"1802",1802,NA,NA,NA,NA
"1803",1803,"NY","Brooklyn,",43.299428,-74.217933
"1804",1804,"NY","Webster,",43.299428,-74.217933
"1805",1805,"NY","Brooklyn,",43.299428,-74.217933
"1806",1806,"DE","Newark,",38.910832,-75.52767
"1807",1807,NA,NA,NA,NA
"1808",1808,NA,NA,NA,NA
"1809",1809,NA,NA,NA,NA
"1810",1810,"NY","York,",43.299428,-74.217933
"1811",1811,"CA","Fremont,",36.778261,-119.417932
"1812",1812,NA,NA,NA,NA
"1813",1813,"CA","Alto,",36.778261,-119.417932
"1814",1814,"PA","Philadelphia,",41.203322,-77.194525
"1815",1815,"NY","Consultant",43.299428,-74.217933
"1816",1816,"GA","Atlanta,",32.157435,-82.907123
"1817",1817,"MA","Boston,",42.407211,-71.382437
"1818",1818,"MA","Waltham,",42.407211,-71.382437
"1819",1819,"CA","Sacramento,",36.778261,-119.417932
"1820",1820,"IL","Chicago,",40.633125,-89.398528
"1821",1821,NA,NA,NA,NA
"1822",1822,"NJ","Edison,",40.058324,-74.405661
"1823",1823,"IA","Rapids,",41.878003,-93.097702
"1824",1824,"CA","View,",36.778261,-119.417932
"1825",1825,NA,NA,NA,NA
"1826",1826,NA,NA,NA,NA
"1827",1827,"MS","as",32.354668,-89.398528
"1828",1828,"CA","Diego,",36.778261,-119.417932
"1829",1829,"NY","York,",43.299428,-74.217933
"1830",1830,"MN","Minneapolis,",46.729553,-94.6859
"1831",1831,NA,NA,NA,NA
"1832",1832,NA,NA,NA,NA
"1833",1833,NA,NA,NA,NA
"1834",1834,"NY","York,",43.299428,-74.217933
"1835",1835,"VA","Chantilly,",37.431573,-78.656894
"1836",1836,"MD","Annapolis,",39.045755,-76.641271
"1837",1837,"KS","Wichita,",39.011902,-98.484246
"1838",1838,NA,NA,NA,NA
"1839",1839,"CA","CCJPA,",36.778261,-119.417932
"1840",1840,"ID","order",44.068202,-114.742041
"1841",1841,"CA","Intern",36.778261,-119.417932
"1842",1842,"PA","Pittsburgh,",41.203322,-77.194525
"1843",1843,"VA","Reston,",37.431573,-78.656894
"1844",1844,NA,NA,NA,NA
"1845",1845,"MA","Boston,",42.407211,-71.382437
"1846",1846,NA,NA,NA,NA
"1847",1847,"CA","Irwin,",36.778261,-119.417932
"1848",1848,"NY","Poughkeepsie,",43.299428,-74.217933
"1849",1849,"OR","Portland,",43.804133,-120.554201
"1850",1850,"CA","Gatos,",36.778261,-119.417932
"1851",1851,"DE","Developer",38.910832,-75.52767
"1852",1852,NA,NA,NA,NA
"1853",1853,"CA","Francisco,",36.778261,-119.417932
"1854",1854,"NY","York,",43.299428,-74.217933
"1855",1855,"NY","York,",43.299428,-74.217933
"1856",1856,NA,NA,NA,NA
"1857",1857,"CA","Alto,",36.778261,-119.417932
"1858",1858,NA,NA,NA,NA
"1859",1859,NA,NA,NA,NA
"1860",1860,"NJ","Newark,",40.058324,-74.405661
"1861",1861,NA,NA,NA,NA
"1862",1862,NA,NA,NA,NA
"1863",1863,"MN","Minneapolis,",46.729553,-94.6859
"1864",1864,NA,NA,NA,NA
"1865",1865,"MN","Bloomington,",46.729553,-94.6859
"1866",1866,"CA","Jose,",36.778261,-119.417932
"1867",1867,NA,NA,NA,NA
"1868",1868,"MA","Cambridge,",42.407211,-71.382437
"1869",1869,NA,NA,NA,NA
"1870",1870,NA,NA,NA,NA
"1871",1871,"OR","Albany,",43.804133,-120.554201
"1872",1872,"NY","York,",43.299428,-74.217933
"1873",1873,NA,NA,NA,NA
"1874",1874,NA,NA,NA,NA
"1875",1875,NA,NA,NA,NA
"1876",1876,"IL","Chicago,",40.633125,-89.398528
"1877",1877,"MD","Valley,",39.045755,-76.641271
"1878",1878,"NJ","Cranbury,",40.058324,-74.405661
"1879",1879,"FL","Jacksonville,",27.664827,-81.515754
"1880",1880,"NY","York,",43.299428,-74.217933
"1881",1881,NA,NA,NA,NA
"1882",1882,"MN","Minneapolis,",46.729553,-94.6859
"1883",1883,"CO","Boulder,",39.550051,-105.782067
"1884",1884,NA,NA,NA,NA
"1885",1885,NA,NA,NA,NA
"1886",1886,"CA","Sunnyvale,",36.778261,-119.417932
"1887",1887,NA,NA,NA,NA
"1888",1888,NA,NA,NA,NA
"1889",1889,NA,NA,NA,NA
"1890",1890,"MD","Rockville,",39.045755,-76.641271
"1891",1891,"IN","Bedford,",40.551217,-85.602364
"1892",1892,"CA","Cupertino,",36.778261,-119.417932
"1893",1893,"NY","York,",43.299428,-74.217933
"1894",1894,"MA","Boston,",42.407211,-71.382437
"1895",1895,"FL","Petersburg,",27.664827,-81.515754
"1896",1896,NA,NA,NA,NA
"1897",1897,"ND","Forks,",47.551493,-101.002012
"1898",1898,"PA","Harrisburg,",41.203322,-77.194525
"1899",1899,"VA","Richmond,",37.431573,-78.656894
"1900",1900,NA,NA,NA,NA
"1901",1901,NA,NA,NA,NA
"1902",1902,"MS","NE,",32.354668,-89.398528
"1903",1903,NA,NA,NA,NA
"1904",1904,"CA","Sunnyvale,",36.778261,-119.417932
"1905",1905,NA,NA,NA,NA
"1906",1906,NA,NA,NA,NA
"1907",1907,NA,NA,NA,NA
"1908",1908,NA,NA,NA,NA
"1909",1909,"GA","Atlanta,",32.157435,-82.907123
"1910",1910,"CA","Clara,",36.778261,-119.417932
"1911",1911,"CA","Alto,",36.778261,-119.417932
